名稱,地區,地址,評分,價格,電話,類型
The Harbourview,中西區,2/F， The Harbourview， 4 Harbour Road， Wan Chai,3.8,N/A,N/A,lodging/restaurant/food
The Mira Hong Kong,中西區,118-130 Nathan Road， Tsim Sha Tsui,4.1,N/A,N/A,spa/bar/lodging
Regent Hong Kong,中西區,18 Salisbury Road， Tsim Sha Tsui,4.4,N/A,N/A,cafe/bakery/lodging
Regal Kowloon Hotel,中西區,71 Mody Road， Tsim Sha Tsui East,4,N/A,N/A,lodging/restaurant/food
Yung Kee Restaurant,中西區,Yung Kee Building， 32-40 Wellington Street， Central,3.8,4,N/A,restaurant/food/point_of_interest
JEN Hong Kong by Shangri-La,中西區,508號 Queen's Road West， Sai Wan,4.2,N/A,N/A,lodging/restaurant/food
Ruby Tuesday (Causeway Bay),中西區,2/F， Plaza 2000， 2-4 Russell Street， Causeway Bay,3.9,2,N/A,restaurant/food/point_of_interest
Luk Yu Tea House,中西區,24-26 Stanley Street， Central,3.6,3,N/A,restaurant/food/point_of_interest
Yamm,中西區,The Mira Hong Kong， Mira Place， G/F， 118-130 Nathan Road， Tsim Sha Tsui,3.9,3,N/A,restaurant/food/point_of_interest
ABC Kitchen,中西區,CF7 1/F， Cooked Food Market， 1 Queen Street， Sheung Wan,4,2,N/A,restaurant/food/point_of_interest
Shugetsu (Central),中西區,5 Gough Street， Central,4.2,2,N/A,restaurant/food/point_of_interest
The Chairman Restaurant,中西區,3rd Floor， The Wellington， 198 Wellington Street， Central,4.4,3,N/A,restaurant/food/point_of_interest
Bo Innovation,中西區,1/F， H Code， 45 Pottinger Street， Central,4.3,4,N/A,restaurant/food/point_of_interest
Fook Lam Moon (Wan Chai),中西區,Newman House， Johnston Road， Wan Chai,4.2,4,N/A,restaurant/food/point_of_interest
Two Chinachem Plaza,中西區,68 Connaught Road Central， Central,3.4,2,N/A,restaurant/food/point_of_interest
The Royal Garden,中西區,69號 Mody Road， Tsim Sha Tsui East,4.2,N/A,N/A,lodging/restaurant/food
Harbourside - Hotel Buffet,中西區,Ground Floor， Regent Hong Kong， 18 Salisbury Road， Tsim Sha Tsui,4.3,4,N/A,restaurant/food/point_of_interest
Peking Garden (Central),中西區,B1， 7-15 Des Voeux Road Central， Central,3.9,2,N/A,cafe/bakery/store
Lung King Heen,中西區,4F， Four Seasons Hotel Hong Kong， 8 Finance Street， Central,4.5,4,N/A,restaurant/food/point_of_interest
Amber,中西區,15 Queen's Road Central， Central,4.5,4,N/A,restaurant/food/point_of_interest
La Maison,中西區,Mountain View Mansion， 2-4 Swatow Street， Wan Chai,4.2,N/A,N/A,restaurant/food/point_of_interest
Zhejiang Heen,中西區,Floor 1， 興業大廈， 3， 浙江， 300-306號 Lockhart Road， Wan Chai,4.3,3,N/A,restaurant/food/point_of_interest
Jiang Nan by Crystal Jade - Harbour City,中西區,3328號舖， 海港城港威商場， 廣東道， 尖沙咀,3.6,2,N/A,restaurant/food/point_of_interest
Crystal Jade La Mian Xiao Long Bao Wan Chai Branch,中西區,Tai Yau Building， Tai Yau Plaza 3rd Floor， Johnston Road， Wan Chai,3.9,2,N/A,restaurant/food/point_of_interest
Burgeroom (Causeway Bay),中西區,Towning Mansion， Paterson Street， Causeway Bay,3.9,2,N/A,restaurant/food/point_of_interest
Paisano's,中西區,8 Granville Road， Tsim Sha Tsui,4,2,N/A,restaurant/food/point_of_interest
Yardbird,中西區,Winsome House， 154-158 Wing Lok Street G/F， Shops A and B， Sheung Wan,4.5,3,N/A,restaurant/food/point_of_interest
Caprice,中西區,6F， Four Seasons Hotel Hong Kong， 8 Finance Street， Central,4.5,4,N/A,restaurant/food/point_of_interest
cafe TOO,中西區,Supreme Court Road， Central,4.1,3,N/A,restaurant/food/point_of_interest
One Harbour Road at Grand Hyatt Hong Kong,中西區,8th Floor， Grand Hyatt Hong Kong， 1 Harbour Road， Wan Chai,4.5,4,N/A,restaurant/food/point_of_interest
8 1/2 Otto E Mezzo Bombana,中西區,Shop 202， 18 Chater Road， Central,4.5,4,N/A,restaurant/food/point_of_interest
Mak An Kee Noodle,中西區,37 Wing Kut Street， Central,4,N/A,N/A,restaurant/food/point_of_interest
Lai Ching Heen (Yan Toh Heen),中西區,18 Salisbury Road， Tsim Sha Tsui,4.5,4,N/A,restaurant/food/point_of_interest
The Foreign Correspondents’ Club， Hong Kong,中西區,North， 2 Lower Albert Road， Central,4.5,N/A,N/A,tourist_attraction/night_club/bar
南海一號 Nanhai No.1,中西區,30， iSQUARE， 63 Nathan Road， Tsim Sha Tsui,3.9,3,N/A,restaurant/food/point_of_interest
Crystal Jade (Times Square),中西區,時代廣場B221A號舖， Matheson Street， Causeway Bay,3.7,2,N/A,restaurant/food/point_of_interest
Megan's Kitchen,中西區,5/F， HK Hong Kong Island， 165-171 Wan Chai Road， Wan Chai,4.1,2,N/A,restaurant/food/point_of_interest
Hong Kong Lao Shang Hai Restaurant Ltd.,中西區,英皇集團中心1樓， 288號 Hennessy Road， Wan Chai,4,3,N/A,restaurant/food/point_of_interest
Gaylord Indian Restaurant,中西區,5/F， Prince Tower， 12A Peking Road， Tsim Sha Tsui,4.2,2,N/A,meal_takeaway/restaurant/food
Man Wah,中西區,25/F， Mandarin Oriental Hong Kong， 5 Connaught Road Central， Central,4.4,4,N/A,restaurant/food/point_of_interest
Grand Hyatt Steakhouse,中西區,Lobby Level， Grand Hyatt Hong Kong， 1 Harbour Road， Wan Chai,4.5,N/A,N/A,restaurant/food/point_of_interest
Lobby Lounge at Kowloon Shangri-La， Hong Kong,中西區,Lobby Level， 64 Mody Road， Tsim Sha Tsui East,4.2,N/A,N/A,restaurant/night_club/bar
Cafe (Hyatt Regency Hong Kong， Tsim Sha Tsui),中西區,18 Hanoi Road， Tsim Sha Tsui,3.9,3,N/A,restaurant/food/point_of_interest
La Crêperie,中西區,1/F， Kui Chi Mansion， 100 Queen's Road East， Wan Chai,4.4,2,N/A,restaurant/food/point_of_interest
Paisano's Pizzeria,中西區,G/F， 5 O'Brien Road， Wan Chai,4.1,1,N/A,restaurant/food/point_of_interest
Le Moment,中西區,55 Peel Street， Central,4.7,2,N/A,bar/restaurant/food
Tung Po Kitchen,中西區,2樓， 銀河大廈， 303號 謝斐道， 灣仔,3.9,2,N/A,restaurant/food/point_of_interest
Paisano's Pizzeria,中西區,23 Hollywood Road， Central,4,1,N/A,restaurant/food/point_of_interest
Veggie 4 love,中西區,10/F， 11號 Stanley Street， Central,4.5,2,N/A,restaurant/food/point_of_interest
Mira Moon Hotel,中西區,388 Jaffe Road， Causeway Bay,4.4,N/A,N/A,lodging/restaurant/food
Dynasty,中西區,Hong Kong Convention And Exhibition Centre， 1 Harbour Road， Wan Chai,4.4,N/A,N/A,restaurant/food/point_of_interest
Morton's The Steakhouse,中西區,The Sheraton Hotel & Towers Fourth Level， 20 Nathan Road， Tsim Sha Tsui,4.4,4,N/A,restaurant/food/point_of_interest
The Luxe Manor,中西區,The Luxe Manor， 39 Kimberley Road， Tsim Sha Tsui,4.3,N/A,N/A,night_club/bar/lodging
Café Landmark,中西區,置地廣場中庭， 1 樓 107-108 號， 15 號 Queen's Road Central， Central,4.2,3,N/A,cafe/restaurant/food
Green Waffle Diner,中西區,號地下， 43號 Lyndhurst Terrace， Central,4.3,2,N/A,restaurant/food/point_of_interest
Dot Cod Seafood Restaurant & Oyster Bar,中西區,G/F & 1/F， Takshing House， Theatre Lane， 20 Des Voeux Road Central， Central,4.1,3,N/A,restaurant/food/point_of_interest
曾記粿品,中西區,上環皇后街1號皇后街熟食市場8號檔,4.2,1,N/A,restaurant/food/point_of_interest
Palm Court,中西區,Lobby Level， The Langham， Hong Kong， 8 Peking Road， Tsim Sha Tsui,4.2,3,N/A,night_club/bar/lodging
Boston Restaurant,中西區,3號 Luard Road， Wan Chai,3.6,2,N/A,restaurant/food/point_of_interest
Ivan The Kozak,中西區,1樓， 巴力大廈， 63號 雲咸街， 中環,4.7,2,N/A,bar/restaurant/food
Greens Cafe,東區,665號 King's Road， North Point,3.5,2,N/A,restaurant/food/point_of_interest
Jinjin Cha Caan Teng Restaurant,東區,G/F， 762-774 King's Road， North Point,3.6,1,N/A,restaurant/food/point_of_interest
On Lee Noodle Soup,東區,22 Shau Kei Wan Main Street East， Shau Kei Wan,3.8,2,N/A,restaurant/food/point_of_interest
AGE Cuisine Express,東區,1105， Eastern Centre， 1065 King's Road， Quarry Bay,4.2,N/A,N/A,restaurant/food/point_of_interest
Corner 90,東區,90 Hung To Road， Kwun Tong,4.3,2,N/A,restaurant/food/point_of_interest
Indonesian Sate House,東區,Shau Kei Wan Main Street East 76D地下， Shau Kei Wan,4,1,N/A,restaurant/food/point_of_interest
鋒記小炒王,東區,低層3A舖地下， Sun Lee Building， 6-28號 愛民街， 筲箕灣,4,2,N/A,restaurant/food/point_of_interest
Grove Sandwiches,東區,Hong Kong,3.9,N/A,N/A,restaurant/food/point_of_interest
MOS BURGER,東區,太 古道 18 號 太 古城 中心 2 期 地 庫 1 樓 O 鋪， Quarry Bay,3.6,2,N/A,restaurant/food/point_of_interest
alfafa,東區,閣樓M2舖， 廣場北座， 鰂魚涌康山道1號康怡， Quarry Bay,3.7,2,N/A,restaurant/food/point_of_interest
紹華小廚,東區,Shop CF3， Cooked Food Centre， Aldrich Bay Market， 15 Aldrich Bay Road， Shau Kei Wan,3.4,1,N/A,restaurant/food/point_of_interest
Tak Hing Lung,東區,1 Marble Road， North Point,4.3,1,N/A,restaurant/food/point_of_interest
Peking Garden (Cityplaza),東區,太古城中心第二期2樓201號， 18號 Tai Koo Shing Road， 太古,3.7,2,N/A,cafe/restaurant/food
SHE WONG LEUNG,東區,號地下A舖， 298號 Electric Road， North Point,3.8,2,N/A,restaurant/food/point_of_interest
Auntie Sweet Dessert (Tin Hau),東區,G/F， 13 Tsing Fung Street， Causeway Bay,4,N/A,N/A,restaurant/food/point_of_interest
Nam Kee Spring Roll Noodle,東區,北角渣華道78號地下（熟食中心對面）， North Point,3.6,1,N/A,restaurant/food/point_of_interest
Man Shing Restaurant,東區,16 Wun Sha Street， Tai Hang,4,2,N/A,restaurant/food/point_of_interest
Pak Lee Cafe,東區,G/F， 216 Shau Kei Wan Road， Sai Wan Ho,3.9,1,N/A,restaurant/food/point_of_interest
Aquadeli 海家。小品,東區,128-130 Shau Kei Wan Road， 128 Shau Kei Wan Road， Shau Kei Wan,3.6,1,N/A,restaurant/food/point_of_interest
勁辣派甜甜掌門,東區,492 King's Road， Kam Hong Street， North Point,3.9,N/A,N/A,restaurant/food/point_of_interest
Maxim’s MX,東區,Shop G3， Kornhill Plaza G/F， 1 Kornhill Road， Quarry Bay,3.4,2,N/A,restaurant/food/point_of_interest
Myung Ga Korean Restaurant (Cityplaza),東區,Taikoo Shing， Kam Din Terrace Yuan Kung Mansion， 18 Tai Koo Shing Road,3.7,3,N/A,restaurant/food/point_of_interest
順豐排骨麵,東區,Fat Cheong Building， Electric Road， Causeway Bay,3.4,2,N/A,restaurant/food/point_of_interest
Three Virtues Vegetarian Restaurant,東區,1樓， 395號 King's Road， North Point,3.8,2,N/A,bakery/restaurant/food
Tung Tai Restaurant,東區,號 地下， Fu Bong Mansion， 106-110 Tsat Tsz Mui Road， North Point,3.6,1,N/A,restaurant/food/point_of_interest
SUBWAY Fortress Hill,東區,Shop 6， 218 Electric Road， Fortress Hill， North Point,4.6,1,N/A,restaurant/food/point_of_interest
McDonald's (Shau Kei Wan Main Street East),東區,地下至 二樓， 159號 Shau Kei Wan Main Street East， Shau Kei Wan,3.6,1,N/A,restaurant/food/point_of_interest
ChaosHotpot,東區,大坑浣紗街22 22 Wun Sha Street， Tai Hang， Causeway Bay,4,N/A,N/A,restaurant/food/point_of_interest
Ashoka Indian Restaurant,東區,G/F Rear Block， Hoi Fu Building， 240 Shau Kei Wan Road， Sai Wan Ho,4.2,2,N/A,restaurant/food/point_of_interest
Ootoya (Kornhill),東區,Unit L-013， 2 Kornhill Road， Kornhill,3.9,2,N/A,restaurant/food/point_of_interest
粥棧小廚,東區,Hong Kong,4.2,2,N/A,restaurant/food/point_of_interest
Tai Hing,東區,地下B號舖， 豐榮苑， 1號 華蘭路， 鰂魚涌,3.2,2,N/A,restaurant/food/point_of_interest
The Spaghetti House (Cityplaza),東區,18 Tai Koo Shing Road， Quarry Bay,3.7,2,N/A,restaurant/food/point_of_interest
FRITES Belgium on Tap,東區,G/F， Oxford House， Taikoo Place， 979 King's Road， (Entrance at 22 Westlands Road)， Quarry Bay,4.1,3,N/A,restaurant/food/point_of_interest
Gateway Cuisine,東區,58A 鯉魚門海傍道中,4,3,N/A,restaurant/food/point_of_interest
雲南阿老表黑羊湯鍋米線,東區,1樓， 90號 Hung To Road， Kwun Tong,3.9,1,N/A,restaurant/food/point_of_interest
Wong Lam Kee Chiu Chow Fish Ball Noodles,東區,Shop A， 10 Shau Kei Wan Main Street East， Shau Kei Wan,3.9,1,N/A,restaurant/food/point_of_interest
Genki Sushi (Kornhill),東區,Shop G4 G/F， Kornhill Plaza North， 1 Kornhill Road， Quarry Bay,3.7,2,N/A,restaurant/food/point_of_interest
Enoteca Quarry Bay,東區,G/F.， 35 - 41 Tong Chong Street. Tai Koo Fong， Quarry Bay,4,3,N/A,restaurant/food/point_of_interest
Locomotive Contemporary Vietnamese Cuisine,東區,11 Wun Sha Street， Tai Hang,3.4,2,N/A,restaurant/food/point_of_interest
Master Low-key Food Shop (Shau Kei Wan),東區,B3號舖地下， Kwong Shun Building， 東大街， Shau Kei Wan,4.2,1,N/A,meal_takeaway/restaurant/food
McDonald's (Roca Centre),東區,Roca Centre， 460-470 King's Road， North Point,3.5,1,N/A,restaurant/food/point_of_interest
Clay Pot Indian Restaurant,東區,北角電氣道229號電氣道市政大廈2樓CF5號舖,4,2,N/A,restaurant/food/point_of_interest
Vegelink vegetarian restaurant,東區,胡曰皆商業中心一樓112室， 56號 Java Road， North Point,4.1,2,N/A,restaurant/food/point_of_interest
Capital Cafe (Shau Kei Wan),東區,順景樓地下， 177號 Shau Kei Wan Main Street East， Shau Kei Wan,3.6,2,N/A,restaurant/food/point_of_interest
Formosa Autumn,東區,地下B舖， Tak Fat Building， 13號 Finnie Street， Quarry Bay,4.2,2,N/A,restaurant/food/point_of_interest
Bangkok Restaurant,東區,地下E-F舖， Tung Po Building， 483-497號 King's Road， North Point,3.4,2,N/A,restaurant/food/point_of_interest
MOS Café,東區,樓F20號鋪， 廣場(北， 1 Kornhill Road， Quarry Bay,3.9,2,N/A,restaurant/food/point_of_interest
Tulsi Indian Restaurant (Quarry Bay),東區,13-15 Hoi Kwong Street， Quarry Bay,4.5,2,N/A,restaurant/food/point_of_interest
呂仔記二哥一九七八,東區,Tung Hing Building， Shau Kei Wan Main Street East， Shau Kei Wan,3.6,1,N/A,meal_takeaway/restaurant/food
Corner 18,東區,銅鑼灣如心酒店1/F， 18號 King's Road， Causeway Bay,3.8,N/A,N/A,restaurant/food/point_of_interest
FEAST (Food by EAST),東區,1/F， EAST Hong Kong， 29 Tai Koo Shing Road， Quarry Bay,4.1,2,N/A,restaurant/food/point_of_interest
AEON STYLE Kornhill,東區,Kornhill Plaza South， 2號 Kornhill Road， Kornhill,4.1,N/A,N/A,department_store/supermarket/grocery_or_supermarket
Hung Kee Top Quality Egg Waffles,東區,西灣河筲箕灣道57-87號太安樓第二街A34C號鋪,3.3,1,N/A,meal_takeaway/restaurant/food
Congee and Noodle Shop by Lubuds 粥麵館,東區,2樓， 683號 King's Road， Quarry Bay,3.7,2,N/A,restaurant/food/point_of_interest
Chiuchow Garden (Taikoo Shing),東區,太古太古灣道12號1樓100號， Quarry Bay,3.7,3,N/A,restaurant/food/point_of_interest
Lei Yue Mun Seafood Bazaar,東區,6 Lei Yue Mun Path， Yau Tong,3.6,N/A,N/A,restaurant/food/point_of_interest
Tai Hing,東區,地下 2號， Harmony Place， 333號 Shau Kei Wan Road， Shau Kei Wan,3.2,2,N/A,restaurant/food/point_of_interest
Ocean Treasure Seafood Restaurant,東區,41 Shau Kei Wan Road， Sai Wan Ho,3.3,2,N/A,restaurant/food/point_of_interest
Grand Cuisine Shanghai Kitchen,東區,G510-511， Taikoo Shing， On Shing Terrace Po On Mansion， 1 Tai Yue Avenue， Taikoo Shing,3.6,2,N/A,restaurant/food/point_of_interest
I-O-N Wong Chuk Hang,南區,P3/F， Nina Hotel Island South， 55 Wong Chuk Hang Road,3.9,N/A,N/A,cafe/restaurant/food
Neptune's Restaurant,南區,Grand Aquarium， Aqua City， The Waterfront， Ocean Park Road， Wong Chuk Hang,3.7,N/A,N/A,restaurant/food/point_of_interest
The Bayview Restaurant,南區,Wong Chuk Hang,3.5,3,N/A,restaurant/food/point_of_interest
TamJai Yunnan Mixian (Aberdeen),南區,Shop No. 208， 2/F， 38 Chengtu Road， Aberdeen,3.4,1,N/A,restaurant/food/point_of_interest
Café Ocean,南區,180號 黃竹坑道， 香港仔,3.3,N/A,N/A,restaurant/bakery/food
Pizza Hut Hong Kong,南區,樓210號舖， 香港仔成都道38號利港中心2， Aberdeen,3.6,2,N/A,meal_delivery/restaurant/food
Café de Coral,南區,Shek Pai Wan Shopping Centre， 68 Yue Kwong Road， Aberdeen,3.3,1,N/A,restaurant/food/point_of_interest
Paramount Banquet Hall (Aberdeen),南區,���港仔中心商場第5期1樓F舖， 9號 Nam Ning Street， Aberdeen,3.4,2,N/A,restaurant/food/point_of_interest
Maxim's MX,南區,Portion 3 1/F Albert House， 20-28 Chengtu Road， Aberdeen,3.3,2,N/A,restaurant/food/point_of_interest
Café de Coral,南區,HK 香港島 香港仔 香港仔中心第三期地下 15 及 16 號商舖,3.4,1,N/A,restaurant/food/point_of_interest
Nam Kee Spring Roll Noodle,南區,香港仔東勝道10號朗盈商業大廈一樓及二樓， Aberdeen,3.6,1,N/A,restaurant/food/point_of_interest
Fairwood (Aberdeen Centre),南區,Capitol Centre Tower II， 28 Jardine's Crescent， Aberdeen,3.6,1,N/A,restaurant/food/point_of_interest
Sang Kee,南區,1 Nam Long Shan Road， Wong Chuk Hang,3.6,N/A,N/A,restaurant/food/point_of_interest
Pizza Hut,南區,香港仔鴨脷洲村利怡樓25-30號地舖,3.8,2,N/A,meal_delivery/restaurant/food
Genki Sushi (Aberdeen),南區,Aberdeen Centre Kwun King Court， Shops 9 11&13， G/F， Site 3， Aberdeen Centre， Nam Ning Street， Aberdeen,3.7,2,N/A,meal_takeaway/restaurant/food
Take a Break,南區,5/F， Aberdeen Municipal Service Building， 203 Aberdeen Main Road 香港仔大道203號 香港仔體育館5樓， Aberdeen,4.3,2,N/A,restaurant/food/point_of_interest
Super Super Congee & Noodles,南區,Hong Kong,3,1,N/A,restaurant/food/point_of_interest
McDonald's (Lei Tung Estate),南區,212號舖， 利東邨利東商場第二期， Ap Lei Chau,3.5,1,N/A,restaurant/food/point_of_interest
McDonald's (Marina Square),南區,12A South Horizon Drive， Ap Lei Chau,3.5,1,N/A,restaurant/food/point_of_interest
Café de Coral,南區,12A South Horizon Drive， Ap Lei Chau,3.5,1,N/A,restaurant/food/point_of_interest
McDonald's (Ocean Park),南區,海洋公園山頂小食亭， Aberdeen,3.3,1,N/A,restaurant/food/point_of_interest
Hsin Kuang Banquet,南區,2/F， Aberdeen Centre Kwun Chiu Court， Nam Ning Street， Aberdeen,3.2,2,N/A,restaurant/food/point_of_interest
Sing Teck Canteen,南區,44 號 Wong Chuk Hang Road， Aberdeen,3.4,1,N/A,restaurant/food/point_of_interest
Zhu Kee,南區,1樓， 市政大廈， Hung Shing Street， Ap Lei Chau,3.4,N/A,N/A,restaurant/food/point_of_interest
Pizza Hut (Chi Fu Landmark， Pokfulam),南區,薄扶林道置富南區廣場美食嘉年華2樓5號舖 Pokfulam， Chi Fu Road， Pok Fu Lam,3.9,2,N/A,meal_delivery/restaurant/food
Genki Sushi (South Horizons),南區,HK 香港島 鴨脷洲 Shop G46， G49C&G49E， G/F， West Commercial Block， Marina Square,3.8,2,N/A,meal_takeaway/restaurant/food
Café de Coral,南區,第一期利東商場 206 號 Commercial Centre Phase I 206， Lei Tung Estate Road， Ap Lei Chau,3.2,1,N/A,restaurant/food/point_of_interest
McDonald's (Tin Wan， Aberdeen),南區,地下1及， Silver Mansion， 2號舖， 81號 Shek Pai Wan Road， Aberdeen,3.4,1,N/A,restaurant/food/point_of_interest
Fairwood,南區,5號舖， 鴨脷洲邨停車場， 鴨脷洲,3.6,1,N/A,restaurant/food/point_of_interest
Green Curry House Thai Food,南區,1/F， Nam Long Shan Road Cooked Food Market， Nam Long Shan Road， Wong Chuk Hang,3.9,N/A,N/A,restaurant/food/point_of_interest
祥興咖啡,南區,香港仔香港仔街市大廈2樓熟食中心,3.6,N/A,N/A,cafe/restaurant/food
太興 (香港仔中心店),南區,Chengtu Road， Aberdeen,3.2,2,N/A,restaurant/food/point_of_interest
Kwan Sham Restaurant,南區,Ka Fook Court， 2-10 Ka Wo Street， Tin Wan,3.5,1,N/A,restaurant/food/point_of_interest
Han Kee Restaurant,南區,2村34號鋪， Wah Fu Road， 香港仔,3.2,N/A,N/A,restaurant/food/point_of_interest
Café de Coral,南區,華貴商場26號舖 Wah Kwai Estate Wah Oi House 3 Wah Kwai Road， Aberdeen,3.3,1,N/A,restaurant/food/point_of_interest
珍珠奶茶美食坊,南區,號舖， Nam Long Shan Road Cooked Food Market中心1樓， 11 Nam Long Shan Road， Wong Chuk Hang,3.3,N/A,N/A,restaurant/food/point_of_interest
耀記,南區,Hong Kong,3.3,N/A,N/A,restaurant/food/point_of_interest
Shui Ki Canteen,南區,Shui Ki Industrial Building， 18 Wong Chuk Hang Road,3.1,N/A,N/A,restaurant/food/point_of_interest
Club Panda,南區,Wong Chuk Hang,3.6,N/A,N/A,restaurant/food/point_of_interest
Silver Cafe,南區,Wah Fu (I) Estate Wah Kwong House， 707-708號， Aberdeen,3.7,1,N/A,restaurant/food/point_of_interest
McDonald's (Wah Fu Estate),南區,香港仔華富村華富商場1A號舖,3.3,1,N/A,restaurant/food/point_of_interest
Fairwood,南區,薄扶林薄扶林道置富廣場5樓501，532-533及535-538號舖， Chi Fu Road， Pok Fu Lam,3.7,1,N/A,restaurant/food/point_of_interest
McDonald's (Chi Fu),南區,Chi Fu Road， Pok Fu Lam,3.8,1,N/A,restaurant/food/point_of_interest
松柏食堂,南區,C舖， 松栢工業大廈， 12 業發街， 香港仔,3.2,N/A,N/A,restaurant/food/point_of_interest
明星食堂,南區,33 Yip Kan Street,2.7,N/A,N/A,restaurant/food/point_of_interest
Tak Kee Restaurant,南區,Hong Kong,3.3,N/A,N/A,restaurant/food/point_of_interest
McDonald's (The Peak),南區,Shop 209 & 210， The Peak Galleria， 二樓11及12號舖， 118號 Peak Road， The Peak,3.8,1,N/A,restaurant/food/point_of_interest
Chan Sun Kee,南區,鴨脷洲鴨利洲大街鴨利洲市政大廈1樓,3.8,1,N/A,restaurant/food/point_of_interest
食記,南區,42號 Ap Lei Chau Main Street， Ap Lei Chau,3.9,1,N/A,restaurant/food/point_of_interest
Tak Fat Noodle Shop,南區,鴨脷洲洪聖街8號鴨脷洲市政大廈1樓CF5,3.3,1,N/A,restaurant/food/point_of_interest
Thai Co Co Nut,南區,Hong Kong,3.9,2,N/A,restaurant/food/point_of_interest
成記牛什粉麵,南區,香港仔香港仔街市大廈2樓熟食中心10號舖,3.7,N/A,N/A,restaurant/food/point_of_interest
鸚鵡推介,南區,香港島香港仔海洋公園山下近呠呠火車頭,N/A,N/A,N/A,restaurant/food/point_of_interest
Horizon,南區,9/F， Aberdeen Marina Club， 8 Shum Wan Road， Aberdeen,4.4,N/A,N/A,restaurant/food/point_of_interest
潮興滷味專門店,南區,Hong Kong,3.9,N/A,N/A,meal_takeaway/restaurant/food
Wah Yuen,南區,香港仔田灣嘉禾街1-3號地下E舖， Aberdeen,3.1,N/A,N/A,restaurant/food/point_of_interest
Ming Fai Fast Food Restaurant,南區,70 Aberdeen Main Road， Aberdeen,3.7,N/A,N/A,restaurant/food/point_of_interest
Shun Fat Noodles,南區,Ap Lei Chau Estate Lei Fook House， 322 Ap Lei Chau Bridge Road， Ap Lei Chau,3.8,N/A,N/A,restaurant/food/point_of_interest
KFC,南區,號舖， 209 Chengtu Road， Aberdeen,3.9,1,N/A,restaurant/food/point_of_interest
Dive Into A Float,南區,Hong Kong,1.8,N/A,N/A,meal_takeaway/restaurant/food
Tai Ping Koon Restaurant,灣仔,6 Pak Sha Road， Causeway Bay,4,2,N/A,restaurant/food/point_of_interest
Din Tai Fung (Causeway Bay),灣仔,地下3-11舖， 怡和街68號地下3-11舖， 68號 Yee Wo Street， Causeway Bay,4.2,2,N/A,restaurant/food/point_of_interest
Amigo,灣仔,79A Wong Nai Chung Road， Happy Valley,4.5,4,N/A,restaurant/food/point_of_interest
Brunch Club & Supper (Causeway Bay),灣仔,1st Floor， 13 Leighton Road， Causeway Bay,4.1,2,N/A,restaurant/food/point_of_interest
富臨飯店 Forum Restaurant,灣仔,255-257 Gloucester Road， Causeway Bay,4.2,4,N/A,restaurant/food/point_of_interest
Dong Lai Shun,灣仔,69 Mody Road， Tsim Sha Tsui East,4.1,3,N/A,restaurant/food/point_of_interest
Harlan's,灣仔,19/F， The ONE， 100 Nathan Road， Tsim Sha Tsui,4.3,4,N/A,restaurant/bar/food
The Window Cafe,灣仔,2樓， The Kowloon Hotel， 19～21號 Nathan Road， Tsim Sha Tsui,3.9,N/A,N/A,restaurant/food/point_of_interest
Regal Oriental Hotel,九龍城,30-38 Sa Po Road， Kowloon City,3.6,N/A,N/A,lodging/restaurant/food
Tim Ho Wan,九龍城,9-11 Fuk Wing Street， Sham Shui Po,4.2,1,N/A,restaurant/food/point_of_interest
Ah Chun Shandong Dumpling,九龍城,60號 Lai Chi Kok Road， Prince Edward,3.9,1,N/A,restaurant/food/point_of_interest
Lei Garden,九龍城,No. 121 Sai Yee Street， Mong Kok,3.8,3,N/A,restaurant/food/point_of_interest
漢城美食 Han Sung Korean Cuisine,九龍城,G/F， 74-76號 Kimberley Road， Tsim Sha Tsui,4.3,N/A,N/A,restaurant/food/point_of_interest
The Market,九龍城,17 Science Museum Road， Tsim Sha Tsui,4.2,3,N/A,restaurant/food/point_of_interest
Ming Court Mong Kok,九龍城,Level 6， 555 Shanghai Street Cordis， Mong Kok,4.1,3,N/A,restaurant/food/point_of_interest
Sportful Garden Restaurant,九龍城,118 Soy Street， Mong Kok,3.2,2,N/A,restaurant/food/point_of_interest
Cuisine Cuisine The Mira,九龍城,三樓， The Mira Hong Kong， 118-130號 Nathan Road， Tsim Sha Tsui,4.2,4,N/A,restaurant/food/point_of_interest
Cambo Thai Restaurant,九龍城,23-25 Nga Tsin Long Road， Kowloon City,3.7,2,N/A,restaurant/food/point_of_interest
Amour Cafe,九龍城,佐敦南京街25號， Yau Ma Tei,4.1,2,N/A,restaurant/food/point_of_interest
Chee Kei,九龍城,52 Lock Road， Tsim Sha Tsui,4,2,N/A,restaurant/food/point_of_interest
Sun Tung Lok Chinese Cuisine,九龍城,Hong Kong,4.1,N/A,N/A,restaurant/food/point_of_interest
Royal Pacific Hotel,九龍城,L3 3305A， 33 Canton Road， Tsim Sha Tsui,4.1,N/A,N/A,bar/lodging/restaurant
Hoi King Heen,九龍城,B2/F， InterContinental Grand Stanford Hong Kong， 70 Mody Road， Tsim Sha Tsui,4.3,N/A,N/A,restaurant/food/point_of_interest
Prince Hotel， Hong Kong,九龍城,Harbour City， 23 Canton Road， Tsim Sha Tsui,4.2,N/A,N/A,bar/lodging/restaurant
Man Wah Restaurant,九龍城,G/F， 旺角通菜街153-159號地舖 Shop no. C & D， 153-159 Tung Choi Street， Mong Kok,3.6,2,N/A,restaurant/food/point_of_interest
Wooloomooloo Prime,九龍城,Level 21， The ONE， 100 Nathan Road， Tsim Sha Tsui,4.3,N/A,N/A,restaurant/food/point_of_interest
Curry House CoCo Ichibanya (Tsim Sha Tsui),九龍城,Shop 302， 30 Canton Road， Tsim Sha Tsui,4,2,N/A,restaurant/food/point_of_interest
V Dimpal Fusion and Pizza House,九龍城,Po Fat Building， 273-285 Temple Street， Yau Ma Tei,4.2,2,N/A,restaurant/food/point_of_interest
Sweet Tooth,九龍城,Shop 4， Paradise Square， 3 Kwong Wa Street， Mong Kok,3.7,N/A,N/A,restaurant/food/store
Hungry Korean (Tsim Sha Tsui),九龍城,地下B號舖， 天星大廈， 24-38號 亞士厘道， 尖沙咀,3.8,1,N/A,restaurant/food/point_of_interest
万豚屋 Mochi Cafe,九龍城,Hart Avenue Court， 19 Hart Avenue， Tsim Sha Tsui,3.6,2,N/A,restaurant/food/point_of_interest
Very Good Seafood Restaurant,九龍城,B1， 90-94C Nathan Road， Tsim Sha Tsui,3.8,2,N/A,restaurant/food/point_of_interest
Sabatini Ristorante Italiano,九龍城,69 Mody Road， Tsim Sha Tsui East,4.4,4,N/A,restaurant/food/point_of_interest
Macau Tsui Yuen Cafe,九龍城,號 旺角 熟食 中心 2 樓 8 號 舖， 557 Shanghai Street， Mong Kok,3.7,N/A,N/A,restaurant/food/point_of_interest
Café Kool,九龍城,Mezzanine Level， 64 Mody Road， Tsim Sha Tsui East,4,3,N/A,cafe/restaurant/food
The Place,九龍城,Level L， 555 Shanghai Street， Mong Kok,4,3,N/A,restaurant/food/point_of_interest
The Mistral,九龍城,1/F， InterContinental Grand Stanford Hong Kong， 70 Mody Road， Tsim Sha Tsui,4.3,3,N/A,restaurant/food/point_of_interest
THE LOBBY,九龍城,Salisbury Road， Tsim Sha Tsui,4.4,N/A,N/A,restaurant/food/point_of_interest
Islam Food Since 1950,九龍城,Shun King Building， 33-35 Tak Ku Ling Road， Kowloon City,4,2,N/A,restaurant/food/point_of_interest
Villa 26,九龍城,66號 Mody Road， Tsim Sha Tsui,4.2,2,N/A,restaurant/food/point_of_interest
Promenade Restaurant,九龍城,G/F， 7 Metropolis Drive， Hung Hom,4,3,N/A,restaurant/food/point_of_interest
The Sky Bar,九龍城,Shop 1， 8 Argyle Street， Mong Kok,4.1,N/A,N/A,restaurant/food/point_of_interest
Sai Kee Congee Shop,九龍城,25 Mong Kok Road， Mong Kok,3.5,1,N/A,restaurant/food/point_of_interest
Biergarten German Bar & Restaurant,九龍城,Shop 1， G/F， 5 Hanoi Road， Tsim Sha Tsui,4.2,2,N/A,bar/restaurant/food
Café on the PARK,九龍城,2/F， Hotel Wing Royal Pacific Hotel， 33 Canton Road， Tsim Sha Tsui,3.8,N/A,N/A,cafe/restaurant/food
Cucina,九龍城,Harbour City， Level 6， Marco Polo Hongkong Hotel， 3 Canton Road， Tsim Sha Tsui,4.4,3,N/A,restaurant/food/point_of_interest
Sagano,九龍城,1/F， New World Millennium Hong Kong Hotel， 72 Mody Road， Tsim Sha Tsui,4.3,N/A,N/A,restaurant/food/point_of_interest
Tai Fung Lau Peking Restaurant,九龍城,Windsor Mansion， 29-31號 Chatham Road South， Tsim Sha Tsui,3.9,2,N/A,restaurant/food/point_of_interest
大和燒,九龍城,43H Dundas Street， Mong Kok,4,N/A,N/A,restaurant/food/point_of_interest
Gyu-Kaku (Telford Plaza),觀塘,Shop 429， 4/F， 33 Wai Yip Street， Kowloon Bay,3.9,2,N/A,restaurant/food/point_of_interest
KFC,觀塘,Millennium City Phase V， Shop No. L2-1 Level 2， apm， 418 Kwun Tong Road， Kwun Tong,3.6,1,N/A,restaurant/food/point_of_interest
She Wong Kuen,觀塘,Chi Cheong Building， 4D號 Yee On Street， Ngau Tau Kok,4,2,N/A,restaurant/food/point_of_interest
California Pizza Kitchen MegaBox,觀塘,L11， Shop 10， Enterprise Square， Megabox， 38 Wang Chiu Road， Kowloon Bay,3.6,2,N/A,restaurant/food/point_of_interest
Pepper Lunch (One Pacific Place),觀塘,Shop No.02， 2/F， One Pacific Centre， 414 Kwun Tong Road， Kwun Tong,3.9,2,N/A,restaurant/food/point_of_interest
Menu,觀塘,國際展貿中心， 3/F， 1 展貿徑， 九龍灣,3.5,N/A,N/A,restaurant/food/point_of_interest
Fook Lam Moon (Kowloon Bay),觀塘,2/F， Kingston International Centre， 19 Wang Chiu Road， Kowloon Bay,4,4,N/A,restaurant/food/point_of_interest
ClubONE Telford,觀塘,Telford Garden Podium， Units P13-P14， Podium Level， Telford Gardens， 33 Wai Yip Street， Kowloon Bay,3.6,N/A,N/A,meal_delivery/restaurant/food
V Cuisine,觀塘,7/F， Crocodile Center， 79 Hoi Yuen Road， Kwun Tong,3.4,N/A,N/A,restaurant/food/point_of_interest
Jade Garden (Kowloon Bay),觀塘,第1期 F20 號， 德福廣場， 九龍灣,3.6,2,N/A,restaurant/food/point_of_interest
Italian Tomato Café (APM),觀塘,APM， Millennium City Phase V， Shop No. L5-6b， Level 5， 418 Kwun Tong Road,3.6,2,N/A,restaurant/food/point_of_interest
Ho Choi Seafood Restaurant,觀塘,Phase 1， 1 Millennium City， 5/F， 388 Kwun Tong Road， Kwu Tung,3.6,2,N/A,restaurant/food/point_of_interest
Pepper Lunch (Telford Plaza),觀塘,Unit 501B， 5/F， Telford Plaza Phase I， Stall No. 11， Kowloon Bay,3.2,N/A,N/A,restaurant/food/point_of_interest
Tai Wing Wah Village Cuisine,觀塘,8 Wang Hoi Road， Kowloon Bay,3.6,2,N/A,restaurant/food/point_of_interest
Sidewalk Cafe,觀塘,德福廣場第1期P8號舖,3.5,2,N/A,restaurant/food/point_of_interest
TamJai Yunnan Mixian (Hong Ning Road),觀塘,號地下， 56 Hong Ning Road， Kwun Tong,3.7,1,N/A,restaurant/food/point_of_interest
Fulum Palace,觀塘,Enterprise Square， 9 Sheung Yuet Road， Kowloon Bay,3.2,2,N/A,restaurant/food/point_of_interest
Wing Hing King of Soya Milk,觀塘,1B10， 1/F， 裕民坊， 33號 Hip Wo Street， Kwun Tong,3.4,1,N/A,restaurant/food/point_of_interest
Bubble Tree,觀塘,Shing Yip Industrial Building， Room27， 2//F， 19-21 Shing Yip Street， Kwun Tong,4.1,N/A,N/A,cafe/meal_takeaway/restaurant
美心西餅,觀塘,鐵路站， 藍田,2.5,2,N/A,restaurant/food/point_of_interest
Tai Hing (MegaBox),觀塘,38 Wang Chiu Road， Kowloon Bay,3.3,2,N/A,restaurant/food/point_of_interest
Jumbo Japanese,觀塘,404 Kwun Tong Road， Kwun Tong,3.6,2,N/A,restaurant/food/point_of_interest
New Harbour Pearl Seafood Restaurant,觀塘,一樓， Kwong Ming Building， 8號 Yee On Street， Ngau Tau Kok,3.6,2,N/A,restaurant/food/point_of_interest
Oliver's Super Sandwiches,觀塘,No. L2-13 Level， Shop， 2 418 Kwun Tong Road， Kwun Tong,3.7,2,N/A,restaurant/food/point_of_interest
Factory 99,觀塘,1樓A室， 99號 How Ming Street， Kwun Tong,3.9,2,N/A,restaurant/food/point_of_interest
E-pai,觀塘,418 Kwun Tong Road， Kwun Tong,3.9,N/A,N/A,restaurant/food/point_of_interest
Shanghai Wing Wa Szechuen Restaurant,觀塘,15 Shung Yan Street， Kwun Tong,3.8,N/A,N/A,meal_delivery/meal_takeaway/restaurant
Grandma Cooking,觀塘,得寶商場地下木馬工房FC08號舖， 3號 Ngau Tau Kok Road， Kwun Tong,4,2,N/A,store/restaurant/food
KFC,觀塘,Shop Nos. G92-95， G/F， Amoy Plaza， Phase 1， 77 Ngau Tau Kok Road， Ngau Tau Kok,3.3,1,N/A,restaurant/food/point_of_interest
Maxim's Palace,觀塘,33 Wai Yip Street， Kowloon Bay,3.5,2,N/A,restaurant/food/point_of_interest
McDonald's (MegaBox),觀塘,2/f， MegaBox， 38號 Wang Chiu Road， Kowloon Bay,3.7,1,N/A,restaurant/food/point_of_interest
The Graces Restaurant (Kwun Tong),觀塘,Level 6， 79 Hoi Yuen Road， Kwun Tong,3.3,2,N/A,restaurant/food/point_of_interest
臻味豬扒酸辣米線,觀塘,G/F Shop C， 聯安街， 觀塘,3.7,1,N/A,restaurant/food/point_of_interest
簽上的波兒,觀塘,5樓， Sceneway Plaza， 170B， 8號 Sceneway Road， Lam Tin,4.2,N/A,N/A,meal_takeaway/restaurant/food
Fook Tak Vegetarian Kitchen,觀塘,2樓， 熟食市場， 67號 Tsun Yip Street， Kwun Tong,4,N/A,N/A,restaurant/food/point_of_interest
香港佛光道場滴水坊,觀塘,億京中心地舖， 1號 宏光道， 九龍灣,4.4,2,N/A,restaurant/food/point_of_interest
Yoshinoya,觀塘,Portion A， Unit 2， Level 4， Sceneway Plaza， 1-7 Sceneway Road， Lam Tin,3.2,1,N/A,restaurant/food/point_of_interest
Fairwood,觀塘,Hong Kong,3.5,1,N/A,restaurant/food/point_of_interest
Cafe de Itamomo (Lam Tin),觀塘,50號 Kai Tin Road， Lam Tin,3.7,1,N/A,restaurant/food/point_of_interest
McDonald's (Richland Gardens),觀塘,九龍灣宏光道80號 麗晶花園商場及停車場218-1號舖， Kowloon,3.4,1,N/A,restaurant/food/point_of_interest
Maxim's MX,觀塘,Shop no. 1 Upper Ngau Tau Kok Estate Shopping Center， Ngau Tau Kok,3.2,2,N/A,restaurant/food/point_of_interest
Pizza Hut Hong Kong,觀塘,E&E1地鋪， 南僑大廈， 73-87號 Wan Hon Street， Kwun Tong,4.1,2,N/A,meal_takeaway/meal_delivery/restaurant
McDonald's (Millennium City),觀塘,��塘觀塘道388號 創紀之城1號1A地下， Kowloon,3.5,1,N/A,restaurant/food/point_of_interest
Café de Coral,觀塘,地庫二層 B201A 舖， 匯八坊， 8號 Clear Water Bay Road， 彩虹,3.3,1,N/A,restaurant/food/point_of_interest
Café de Coral,觀塘,官塘道 388 號創紀之城一期地下 1B 號舖,3.3,1,N/A,restaurant/food/point_of_interest
Shanghai Min,觀塘,shop 2， 6/F 38 Wang Chiu Road， Kowloon Bay,3.6,N/A,N/A,restaurant/food/point_of_interest
Café de Coral,觀塘,號舖， 藍田匯景廣場第四層2M， Lam Tin,3.3,1,N/A,restaurant/food/point_of_interest
Café de Coral,觀塘,秀茂坪商場1樓101號舖， Kwun Tong,3.2,1,N/A,restaurant/food/point_of_interest
Fairwood,觀塘,77 Ngau Tau Kok Road， Ngau Tau Kok,3.5,1,N/A,restaurant/food/point_of_interest
The Starview (Kwun Tong),觀塘,2 樓 (港鐵， 鱷魚恤中心， 觀塘站A2出口APM通道， 79 號 Hoi Yuen Road， Kwun Tong,3.5,2,N/A,restaurant/food/point_of_interest
Sour and Spicy Noodle,觀塘,42 Hong Ning Road， Kwun Tong,3.3,2,N/A,restaurant/food/point_of_interest
Lucky Indonesia Restaurant,觀塘,46號 Tung Ming Street， Kwun Tong,4.1,2,N/A,restaurant/food/point_of_interest
Ka Ho Restaurant,觀塘,On Kay Court Kay Yue House， 20號 Chun Wah Road， Ngau Tau Kok,3.3,2,N/A,restaurant/food/point_of_interest
Pizza Hut (Kai Tin Shopping Centre),觀塘,Shop 230， Kai Tin Road， Lam Tin,3.6,2,N/A,meal_delivery/restaurant/food
Ying Fat Cafe,觀塘,號地下， Fu Shing House， 16 Fu Yan Street， Kwun Tong,3.6,1,N/A,restaurant/food/point_of_interest
TH Vegetarian,觀塘,7 Shing Yip Street， Kwun Tong,4.5,N/A,N/A,restaurant/food/point_of_interest
Kwan Kee Bamboo Noodle,深水埗,1 Wing Lung Street， Cheung Sha Wan,3.8,2,N/A,restaurant/food/point_of_interest
Wai Kee,深水埗,62及66號 Fuk Wing Street， Sham Shui Po,3.6,1,N/A,restaurant/food/point_of_interest
Greater China Restaurant,深水埗,550-554號 Fuk Wing Street， Cheung Sha Wan,3.7,2,N/A,restaurant/food/point_of_interest
simplylife (Festival Walk),深水埗,Festival Walk， L2-30， Kowloon Tong,3.8,2,N/A,restaurant/food/point_of_interest
Amaroni's (Kowloon Tong),深水埗,32號舖， 又一城LG1， 80號 Tat Chee Avenue， Kowloon Tong,3.7,2,N/A,restaurant/food/point_of_interest
Jasmine,深水埗,LG2， 5 Tat Chee Avenue， Festival Walk,3.6,3,N/A,restaurant/food/point_of_interest
EXP,深水埗,Shop UG23， Festival Walk， Kowloon Tong,3.8,2,N/A,restaurant/food/point_of_interest
珠江酒家,深水埗,138 Lai Chi Kok Road， Prince Edward,4,2,N/A,restaurant/food/point_of_interest
Dan Ryan's Chicago Grill (Kowloon Tong),深水埗,LG2-28 Festival Walk， 80 Tat Chee Avenue， Kowloon Tong,3.7,3,N/A,restaurant/food/point_of_interest
Hon Fat Noodle (Sham Shui Po),深水埗,192號 Tai Nan Street， Tong Mi,3.9,2,N/A,restaurant/food/point_of_interest
Star Seafood Restaurant,深水埗,地下及2樓， Tai Po Road， Sham Shui Po,3.2,2,N/A,restaurant/food/point_of_interest
Kowloon Restaurant (Sham Shui Po),深水埗,號地下， 282 Yu Chau Street， Sham Shui Po,3.4,2,N/A,restaurant/food/point_of_interest
Fulum Palace,深水埗,c地下， Mei Foo Sun Chuen Stage 4 - 85-87 Broadway， Broadway， Mei Foo Sun Chuen,3.1,2,N/A,restaurant/food/point_of_interest
Euro Go Go,深水埗,8 Argyle Street， Mong Kok,3.6,2,N/A,restaurant/food/point_of_interest
New Yung Kee,深水埗,118 Fuk Wa Street， Sham Shui Po,3.4,2,N/A,restaurant/food/point_of_interest
Kung Fu Dim Sum,深水埗,72號 Fuk Wing Street， Sham Shui Po,3.3,2,N/A,restaurant/food/point_of_interest
Glorious Cuisine,深水埗,31-33 Shek Kip Mei Street， Sham Shui Po,3.7,2,N/A,restaurant/food/point_of_interest
Dim Dim Sum Mong Kok,深水埗,106號 Tung Choi Street， Mong Kok,4,2,N/A,restaurant/food/point_of_interest
Sun Heung Yuen (Kin Kee),深水埗,A地下， 38號 Kweilin Street， Sham Shui Po,3.8,1,N/A,restaurant/food/point_of_interest
Flying Eagle Restaurant,深水埗,256 Lai Chi Kok Road， Sham Shui Po,3.4,1,N/A,restaurant/food/point_of_interest
Sweet 19,深水埗,G/F， 19 Ho Man Tin Street， Ho Man Tin,4,2,N/A,restaurant/food/point_of_interest
Yokozuna,深水埗,Shop B， G/F， 466-472 Nathan Road， Yau Ma Tei,4,2,N/A,restaurant/food/point_of_interest
Billion Seafood Restaurant,深水埗,號地舖， 396-398號 砵蘭街， 旺角,3.7,2,N/A,restaurant/food/point_of_interest
潮滙館,深水埗,Hong Kong,3.8,2,N/A,restaurant/food/point_of_interest
Ho Choi Seafood Restaurant,深水埗,3樓， Wing Kiu Building， Nathan Road， Yau Ma Tei,3.3,2,N/A,restaurant/food/point_of_interest
Se Wong Hing (Snake Soup),深水埗,Hong Kong,4,2,N/A,restaurant/food/point_of_interest
Pepper Lunch (Langham Place),深水埗,Shop F2， 8 Argyle Street， Mong Kok,3.8,2,N/A,restaurant/food/point_of_interest
STARBUCKS Cheung Sha Wan Plaza Shop,深水埗,G09B2 及 G09B4， 833 Cheung Sha Wan Road， Cheung Sha Wan,3.9,2,N/A,cafe/restaurant/food
KFC,深水埗,Shop 317， Level 3， Dragon Centre， 37K Yen Chow Street， Sham Shui Po,3.5,1,N/A,restaurant/food/point_of_interest
So Kee,深水埗,15-16 Yiu Tung Street， Sham Shui Po,3.8,1,N/A,restaurant/food/point_of_interest
City Chinese Restaurant,深水埗,8/F Bank of China (Hong Kong) Complex， City University of， Kowloon Tong,3.8,2,N/A,restaurant/food/point_of_interest
Liu Tong Beancurd Store,深水埗,1067 Canton Road， Mong Kok,4.2,1,N/A,restaurant/food/point_of_interest
紅蔥頭,深水埗,Hong Kong,3.6,N/A,N/A,restaurant/food/point_of_interest
譚仔雲南米線 TamJai Yunnan Mixian,深水埗,Shop B， 1/F， 50 Soy Street， Mong Kok,3.7,1,N/A,restaurant/food/point_of_interest
Pizza Hut Hong Kong,深水埗,地下11號地舖， Playing Field Road， Mong Kok,3.6,2,N/A,meal_delivery/restaurant/food
Tao Heung The Pier Market,深水埗,Grand Tower， 639號 Nathan Road， Mong Kok,3.3,2,N/A,restaurant/food/point_of_interest
老川皇,深水埗,ground， 114 砵蘭街， 旺角,3.7,2,N/A,restaurant/food/point_of_interest
Cova Pasticceria & Confetteria,深水埗,80號 Tat Chee Avenue， Kowloon Tong,3.8,N/A,N/A,restaurant/food/point_of_interest
Wing Hap Lung Restaurant,深水埗,392 Portland Street， Prince Edward,3.3,2,N/A,restaurant/food/point_of_interest
Modern China Restaurant,深水埗,18 Hoi Ting Road， Tai Kok Tsui,3.7,2,N/A,restaurant/food/point_of_interest
Chan's Tofu Fa,深水埗,5 Soares Avenue， Ho Man Tin,4.1,1,N/A,restaurant/food/point_of_interest
Dragon Place Restaurant,深水埗,280-288 Un Chau Street， Sham Shui Po,3.4,2,N/A,restaurant/food/point_of_interest
Café de Coral,深水埗,Argyle Centre Phase I， 688 Nathan Road， Mong Kok,3.5,1,N/A,restaurant/food/point_of_interest
Yuen Fong Dumplings,深水埗,號地下， 104 Fuk Wa Street， Sham Shui Po,3.9,1,N/A,restaurant/food/point_of_interest
Kai Kai Dessert,深水埗,號地舖， 113-115 白加士街， 佐敦,4.2,1,N/A,restaurant/food/store
French Corner,深水埗,Hong Kong,4.5,N/A,N/A,restaurant/food/point_of_interest
Chong Fat Chiu Chow Restaurant,黃大仙,60-62號 South Wall Road， Kowloon City,3.6,3,N/A,restaurant/food/point_of_interest
Tsui Wah Restaurant,黃大仙,地下， 欣榮花園， 8-10號舖， 33號 Ma Tau Kok Road， To Kwa Wan,3.6,2,N/A,restaurant/food/point_of_interest
Kau Kee Seafood Kitchen,黃大仙,地下 49， 49號 Mei King Street， To Kwa Wan,3.9,2,N/A,restaurant/food/point_of_interest
大喜屋飲食集團辦公室,黃大仙,美華工業中心B座11樓 18， 94號 To Kwa Wan Road， To Kwa Wan,4.1,2,N/A,restaurant/food/point_of_interest
Wing Lai Yuen,黃大仙,10-12 Ming Fung Street， Chuk Un,3.8,2,N/A,restaurant/food/point_of_interest
Nichigyu Shabu Shabu & Sukiyaki Restaurant,黃大仙,第， 3層311B， 3號 Lung Poon Street， Diamond Hill,3.6,2,N/A,restaurant/food/point_of_interest
Xia Mian Guan (Plaza Hollywood),黃大仙,樓173A號舖， 3號， 1 Lung Poon Street， Tai Hom,3.4,2,N/A,restaurant/food/point_of_interest
Café 8 Degrees,黃大仙,Harbour Plaza 8 Degrees， Ma Tau Chung Road， Ma Tau Chung,3.8,N/A,N/A,restaurant/food/point_of_interest
DaiSuke,黃大仙,Kar Fat Building， 35-37 Hau Wong Road， Kowloon City,4.3,2,N/A,restaurant/food/point_of_interest
Wong Chun Chun Thai Restaurant,黃大仙,地庫至1樓百營中心， 23號 Tak Ku Ling Road， Kowloon City,3.8,2,N/A,restaurant/food/point_of_interest
Cafe de Itamomo (Wong Tai Sin),黃大仙,南館L1樓130號舖， Wong Tai Sin Plaza， 103號 Ching Tak Street， Chuk Un,3.6,2,N/A,restaurant/food/point_of_interest
Dondonya (Plaza Hollywood),黃大仙,3樓371號舖， 鑽石山,3.4,2,N/A,restaurant/food/point_of_interest
Copacabana,黃大仙,37 Lion Rock Road， Kowloon City,3.8,2,N/A,restaurant/food/point_of_interest
In Sa Dong Korean Restaurant,黃大仙,2B， Chong Chien Court - Wyler Gardens Block A， 335號 To Kwa Wan Road， To Kwa Wan,3.5,2,N/A,restaurant/food/point_of_interest
Ho Choi Seafood Restaurant,黃大仙,B101-102， Kowloon City Plaza， 128 賈炳達道， 九龍城,3.4,2,N/A,restaurant/food/point_of_interest
Tso Choi Restaurant,黃大仙,A舖， 17-19 Nga Tsin Wai Road， Kowloon City,3.8,2,N/A,restaurant/food/point_of_interest
Cheong Fat Thai Food,黃大仙,25-27， South Wall Road， Kowloon City,3.9,2,N/A,restaurant/food/point_of_interest
Cheung Fat Seafood Restaurant,黃大仙,號 4 樓， 3-23 Ning Yuen Street， San Po Kong,3.5,2,N/A,restaurant/food/point_of_interest
Shing Kee Restaurant,黃大仙,4A Kam Wing Street， San Po Kong,3.8,1,N/A,restaurant/food/point_of_interest
EI Restaurant,黃大仙,地下， 福成閣， 82-84 福佬村道， 九龍城,4.3,2,N/A,restaurant/food/point_of_interest
Tai Hing,黃大仙,商場地下G01號， 翔龍灣， 土瓜灣,3.2,2,N/A,restaurant/food/point_of_interest
TamJai SamGor (Chuk Yuen),黃大仙,No. S223， Plaza Shop， Wong Tai Sin 15， 2/F Chuk Yuen Road， Chuk Un,3.5,1,N/A,restaurant/food/point_of_interest
Mrs Hunan,黃大仙,54號 Nga Tsin Wai Road， Kowloon City,3.7,2,N/A,restaurant/food/point_of_interest
The China Coast Pub + Restaurant,黃大仙,G/F， 30-38 Sa Po Road， Kowloon City,4,N/A,N/A,bar/restaurant/food
McDonald's,黃大仙,Prince Ritz， 448 Prince Edward Road West， Kowloon City,3.6,1,N/A,restaurant/food/point_of_interest
Fulum Palace,黃大仙,3樓， Hsin Kuang Centre Block 1， 120號 Lung Cheung Road， Chuk Un,3,2,N/A,restaurant/food/point_of_interest
Yummy Yummy,黃大仙,198 Junction Road， Wang Tau Hom,3.3,N/A,N/A,meal_takeaway/restaurant/food
Genki Sushi (Diamond Hill),黃大仙,Shop 320D， Level 3， 3 Lung Poon Street， Diamond Hill,3.7,2,N/A,meal_takeaway/restaurant/food
永香冰室,黃大仙,29號 Pau Chung Street， To Kwa Wan,3.7,1,N/A,restaurant/food/point_of_interest
囍慶酒家,黃大仙,2樓， 海悅廣場， 209號 Ma Tau Wai Road， To Kwa Wan,3.3,2,N/A,restaurant/food/point_of_interest
Tak Cheong Noodle,黃大仙,Comfort Court， Shop B， G/F， 88 Fuk Lo Tsun Road， Kowloon City,3.6,2,N/A,restaurant/food/point_of_interest
Indian Curry King,黃大仙,C， Cheong Wong Building， 24-28號 South Wall Road， Kowloon City,4.3,2,N/A,restaurant/food/point_of_interest
Mini Bangkok Thai Food (Kowloon City),黃大仙,10 Nam Kok Road， 8 Nam Kok Road， Kowloon City,3.8,2,N/A,restaurant/food/point_of_interest
Original Taste,黃大仙,鳳凰新村， 44 Po Kong Lane， 44 Shung Wah Street， Chuk Un,3.9,2,N/A,restaurant/food/point_of_interest
Olea,離島,Novotel Hotel， 51 Man Tung Road， Tung Chung,3.8,N/A,N/A,bar/lodging/restaurant
東大門韓食,離島,東 涌 東 涌 富 東村 萬 有 街市 M23 號 舖， Tung Chung,2.8,N/A,N/A,restaurant/food/point_of_interest
Coco Cafe,離島,2號地下， 馬灣新村， 東涌,3.9,1,N/A,restaurant/food/point_of_interest
Essence,離島,51 Man Tung Road， Tung Chung,3.6,2,N/A,restaurant/food/point_of_interest
Handi Indian Restaurant,離島,8 HA LING PEI VILLAGE， TUNG CHUNG ROAD Chek Lap Kok， Lantau Island,4.3,2,N/A,meal_takeaway/restaurant/food
Andante,離島,Novotel Citygate Hong Kong Podium， 51 Man Tung Road， Tung Chung,4.1,N/A,N/A,bar/restaurant/food
Pizza Hut Hong Kong,離島,地下24舖， 東涌東堤灣畔， Tung Chung,3.4,2,N/A,restaurant/meal_delivery/food
Café de Coral,離島,樓110B號舖， 新界東涌富東街6號富東邨富東商場1,3.4,1,N/A,restaurant/food/point_of_interest
Moccato,離島,51 Man Tung Road， Tung Chung,4,N/A,N/A,cafe/restaurant/food
Tao Heung,離島,Hong Kong,3.3,2,N/A,restaurant/food/point_of_interest
PizzaBird Pizza and Chicken,離島,G/F， 2A-2B Wong Nai UK， ��� 涌 黃 泥 屋 2A-2B 地下， Tung Chung,3.2,N/A,N/A,restaurant/food/point_of_interest
King's Prawn Nan Fong Seafood Restaurant,離島,Hong Kong,3.8,2,N/A,restaurant/food/point_of_interest
McDonald's (Citygate),離島,112號舖， 大嶼山一， 20號 Tat Tung Road， Tung Chung,3.6,1,N/A,restaurant/food/point_of_interest
Café de Coral,離島,東涌逸東商場221號商舖,3.4,1,N/A,restaurant/food/point_of_interest
McDonald's (Yat Tung Estate),離島,8 Yat Tung Street， Tung Chung,3.5,1,N/A,restaurant/food/point_of_interest
Wah Tao Seafood Restaurant,離島,2號 馬灣湧， 大嶼山,3.8,2,N/A,restaurant/food/point_of_interest
TamJai SamGor (Tung Chung),離島,Hong Kong,3.4,1,N/A,restaurant/food/point_of_interest
Korea House,離島,2樓， Citygate Outlets大食代美食廣場， Tat Tung Road， Tung Chung,2.2,N/A,N/A,restaurant/food/point_of_interest
Juzzbar,離島,東涌達東路20號東薈城2樓大食代美食廣場,N/A,N/A,N/A,restaurant/food/point_of_interest
Ouzo Bar and Restaurant,離島,Shop G Ground Floor， 8 Tung Chung waterfront road， Tung chung， Tung Chung， Lantau Island,4.1,N/A,N/A,restaurant/food/point_of_interest
Tsui Wah Restaurant,離島,1樓101號舖 大嶼山， Tung Chung,3.3,2,N/A,restaurant/food/point_of_interest
San Wa Restaurant,離島,57號 馬灣湧， 東涌,4.2,1,N/A,restaurant/food/point_of_interest
Mansarover Indian Restaurant,離島,東涌路下嶺皮村21號地下,4.1,N/A,N/A,restaurant/food/point_of_interest
Lion Rock Café,離島,大嶼山赤鱲角香港國際機場觀景路8號 逸泰居酒店1樓(部分),3.7,2,N/A,restaurant/food/point_of_interest
Munch Time,離島,Shop No. 7 (Major Portion)， G/F.， Fu Tung Plaza， Fu Tung Estate， 6 Fu Tung Street， Tung Chung， New Territories,3,N/A,N/A,meal_takeaway/restaurant/food
Bafang Dumplings,離島,G18， 19 Fu Tung Street， Tung Chung,3.8,1,N/A,restaurant/food/point_of_interest
Tall Man Chongqing Noodle,離島,33 Tat Tung Road， Tung Chung,3.7,N/A,N/A,restaurant/food/point_of_interest
Pret A Manger,離島,Shop G18， G/F， 20 Tat Tung Road， Tung Chung,3.4,2,N/A,restaurant/food/point_of_interest
PizzaExpress (Tung Chung),離島,Unit 418， 4/F， Lantau Island， 18-20 Tat Tung Road， Tung Chung,3.8,2,N/A,restaurant/food/point_of_interest
My Thai,離島,Coastal Skyline,3.8,2,N/A,restaurant/food/point_of_interest
Catalina's Restaurant,離島,大嶼山赤鱲角香港國際機場觀景路8號 逸泰居酒店23樓(部分),4.6,N/A,N/A,restaurant/food/point_of_interest
Food Tree,離島,商場 9D， Coastal Skyline,4.1,N/A,N/A,restaurant/food/point_of_interest
Tung Chung Pizza,離島,9B Sheung Ling Pei， Tung Chung Road， Tung Chung,4.1,N/A,N/A,restaurant/food/point_of_interest
KFC (Yat Tung Shopping Centre),離島,Shop No. 17， Ground Floor， Yat Tung Shopping Centre， Yat Tung Estate， 8 Yat Tung Street， Tung Chung,3.3,1,N/A,restaurant/food/point_of_interest
SuperTerminal 1 Staff Canteen,離島,Hong Kong,2.9,N/A,N/A,restaurant/food/point_of_interest
Tung Shing Lau,離島,大嶼山， 94號 馬灣涌， Tung Chung,3.7,2,N/A,restaurant/food/point_of_interest
Best Food,離島,號地下， 22-23 馬灣新村,3.2,1,N/A,restaurant/meal_delivery/food
Fairwood,離島,Caribbean Coast Phase 1 Monterey Cove Club House， 2 Kin Tung Road， Tung Chung,3.3,1,N/A,restaurant/food/point_of_interest
Khao Tip Thai,離島,下嶺皮村10號， Tung Chung,3.8,2,N/A,restaurant/food/point_of_interest
Sergeant Chicken Rice,離島,東涌達東路20號東薈城2樓大食代美食廣場,N/A,N/A,N/A,restaurant/food/point_of_interest
Bao Dim Sin Seng,離島,Hong Kong,4,N/A,N/A,restaurant/food/point_of_interest
Bao Dim Sin Seng (Yat Tung),離島,Hong Kong,2.4,N/A,N/A,restaurant/food/point_of_interest
Eat East,離島,Hong Kong,4.3,N/A,N/A,meal_takeaway/restaurant/food
素出色甜品美食天,離島,6 Fu Tung Street， Tung Chung,N/A,N/A,N/A,meal_takeaway/restaurant/food
摩斯漢堡 MOS BURGER (富東廣場店),離島,富東邨富東廣場地下23號舖， 6號 Fu Tung Street， Tung Chung,3.7,2,N/A,restaurant/food/point_of_interest
味千拉麵東涌富東商場店 Ajisen Ramen Fu Tung Plaza Tung Chung,離島,Shop 2-3， G/F， Fu Tung Plaza Fu Tung Estate， Tung Chung， Lantau Island,3.3,2,N/A,restaurant/food/point_of_interest
Man Wah Restaurant,離島,地下21號舖， Shun Tung Road， Tung Chung,3.4,2,N/A,restaurant/food/point_of_interest
Grace Fresh Chicken Shop,離島,Shop F15， Fu Tung Shopping Centre， Fu Tung Estate， Tung Chung， New Territories,N/A,N/A,N/A,restaurant/food/point_of_interest
Vibe The Fusion Corner,離島,Lantau Island， Shop 01， G/F ， Fu Tung Plaza ， Fu Tung Estate， 6 Fu Tung Street， Tung Chung,4.4,N/A,N/A,restaurant/food/point_of_interest
Ningji Lemon & Fruit Tea,離島,Shop 17， GF， 6 Fu Tung Street， Tung Chung,4,N/A,N/A,meal_takeaway/restaurant/food
洪記麵家,離島,富東商場， 6號 富東街， 東涌,4.5,N/A,N/A,restaurant/food/point_of_interest
Sugar & Spice,離島,33 Tat Tung Road， Tung Chung,3.7,N/A,N/A,restaurant/food/point_of_interest
TamJai Yunnan Mixian (Tung Chung),離島,Fu Tung Estate Tung Shing House， Shop No. 110C， 1/F， Fu Tung Plaza， 6 Fu Tung Street， Tung Chung,3.4,1,N/A,restaurant/food/point_of_interest
泰出色甜品,離島,Shun Tung Road， Tung Chung,3.8,N/A,N/A,restaurant/food/point_of_interest
包點先生 (富東),離島,HK 新界 大嶼山邨富東街市M18號鋪， Fu Tung Street， Tung Chung,4,N/A,N/A,restaurant/food/point_of_interest
Deluxe Cuisine,離島,Shop 110A， 1/F， Fu Tung Plaza， 6 Fu Tung Street， Tung Chung,3.1,2,N/A,restaurant/food/point_of_interest
Hi Haw Bing Tanghulu 喜楂,離島,Shun Tung Road， Tung Chung,3.7,N/A,N/A,meal_takeaway/restaurant/food
大師傅粥品（外賣店不設堂）,離島,6號號 Fu Tung Street， Tung Chung,3.1,N/A,N/A,restaurant/food/point_of_interest
東涌籃色的士站,離島,Tung Chung,5,N/A,N/A,restaurant/food/point_of_interest
多納美食,離島,Cheung Tung Road， Tung Chung,4.8,N/A,N/A,restaurant/food/point_of_interest
Euro Go Go,葵青,葵芳新都會廣場1樓168-171號， Kwai Chung,3.8,2,N/A,restaurant/food/store
Great Restaurant Chicken Pot,葵青,地下， 73號 眾安街， 荃灣,3.9,2,N/A,restaurant/food/point_of_interest
Dong Kong Grand Restaurant,葵青,號地下， 290 Sha Tsui Road， Tsuen Wan,3.5,2,N/A,restaurant/food/point_of_interest
Oh! My Dog!,葵青,葵涌石籬大隴街153號怡勝花園地下2號舖， Kwai Chung,4.6,2,N/A,restaurant/food/point_of_interest
Tai Hing,葵青,Shui Sang Building， 地下， 13-19號 Chung On Street， Tsuen Wan,3.2,2,N/A,restaurant/food/point_of_interest
Min Fong Hong,葵青,35 Tsuen Wan Market Street， Tsuen Wan,3.8,1,N/A,restaurant/food/point_of_interest
名廚燴 (橋底),葵青,荃灣楊屋道100號爵悅庭地下1-2號舖， Ma Tau Pa Road， Tsuen Wan,3.5,2,N/A,restaurant/food/point_of_interest
Chubby's Pizza,葵青,177 Hing Fong Road， Kwai Chung,3.7,N/A,N/A,restaurant/food/point_of_interest
Ming Kee,葵青,1樓， 72號 Hau Tei Square， Tsuen Wan,3.6,2,N/A,restaurant/food/point_of_interest
Luen Fat Restaurant,葵青,17 Tsuen Wan Market Street， Tsuen Wan,3.2,2,N/A,restaurant/food/point_of_interest
Pizza Hut Hong Kong,葵青,舖C位， A101， 地下， 荃灣大窩口德士古道36-60號東亞商場， Tsuen Wan,4.3,2,N/A,meal_delivery/restaurant/food
Tomato noodles,葵青,Castle Peak Road - Tsuen Wan， Tsuen Wan,3.8,N/A,N/A,restaurant/food/point_of_interest
Maxim's MX,葵青,22 - 66 Wai Tsuen Road， Tsuen Wan,3.5,1,N/A,restaurant/food/point_of_interest
Tao Heung Tea House,葵青,A， 68 Chung On Street， Tsuen Wan,3.3,2,N/A,restaurant/food/point_of_interest
Yoshinoya,葵青,廣場 3 樓 4 號 舖 涌 葵 富 路 7 至 11 號， Kwai Chung,3.4,1,N/A,restaurant/food/point_of_interest
TamJai Yunnan Mixian (Ho Chuck Centre),葵青,Shop Nos. 49-54， G/F， Ho Chuck Centre Nos. 2， 11 Kwai Yi Road,3.4,1,N/A,restaurant/food/point_of_interest
Genki Sushi,葵青,Shop Nos.480-483 L4， 223 Hing Fong Road， Kwai Fong,3.8,2,N/A,meal_takeaway/restaurant/food
MacLehose Canteen,葵青,22 Wo Yi Hop Road， Kwai Chung,4,N/A,N/A,restaurant/food/point_of_interest
海洋超級漁港,葵青,眾安路68號5A,2.5,N/A,N/A,restaurant/food/point_of_interest
McDonald's (Shek Yam Estate),葵青,二樓213及214號舖， 石蔭邨石蔭商場， 葵涌,3.4,1,N/A,restaurant/food/point_of_interest
KFC,葵青,Shop B106-107， B1/F， Panda Place， Panda Hotel， 3 Tsuen Wah Street， Tsuen Wan,3.4,1,N/A,restaurant/food/point_of_interest
Daniel's Restaurant 燉奶佬 (美孚 M7),葵青,6A Nassau Street， Mei Foo Sun Chuen,3.1,2,N/A,restaurant/food/point_of_interest
Shunde Cuisine,葵青,317號 Sha Tsui Road， Tsuen Wan,3.9,2,N/A,restaurant/food/point_of_interest
McDonald's (Luk Yeung Galleria),葵青,Shop S1-2， L2， Luk Yeung Galleria， 22 66 Wai N.T.， Tsuen Wan Road， Tsuen Wan,3.7,1,N/A,restaurant/food/point_of_interest
Chung Kee Dessert (Tsuen Wan),葵青,85 Hoi Pa Street， Tsuen Wan,3.5,2,N/A,restaurant/food/point_of_interest
Euro Go Go,葵青,22號 Wai Tsuen Road， Tsuen Wan,3.6,2,N/A,restaurant/food/point_of_interest
Maxim's MX,葵青,Mei Foo Sun Chuen Stage 7 - 14-16 Lai Wan Road， 14-16 Lai Wan Road， Lai Chi Kok,3.4,2,N/A,restaurant/food/point_of_interest
永騰潮州鹵水鵝店,葵青,號地下， 6 Chuen Lung Street， Tsuen Wan,3.4,N/A,N/A,restaurant/food/point_of_interest
Yunnan Guizhou & Sichuan Noodle,葵青,Shop 13， Sze Pei Square， Tsuen Wan,3.9,1,N/A,restaurant/food/point_of_interest
Dim Sum Bar,葵青,如心廣場一期G01號舖， Yeung Uk Road， Tsuen Wan,4,2,N/A,restaurant/food/point_of_interest
Ngan Lung Restaurant,葵青,葵盛東商場6號舖,2.8,2,N/A,restaurant/food/point_of_interest
Ho Choi Seafood Restaurant,葵青,Tsuen Wan,3.6,2,N/A,restaurant/food/point_of_interest
Café de Coral,葵青,新界荃灣怡康街 1-7 號海濱花園平台,3.3,1,N/A,restaurant/food/point_of_interest
細妹姐小廚,葵青,坊地下G舖， 二坡， 89號 Chung On Street， Tsuen Wan,3.4,2,N/A,restaurant/food/point_of_interest
雲米家,葵青,17號 Sze Pei Square， Tsuen Wan,3.6,2,N/A,restaurant/food/point_of_interest
Gala Cafe,葵青,40B San Tsuen Street， Tsuen Wan,3.7,1,N/A,restaurant/food/point_of_interest
Kam Chiu Kitchen,葵青,恒景商場， 9號 Wing Fong Road， Kwai Chung,4,2,N/A,restaurant/food/point_of_interest
Ngan Lung Restaurant,葵青,葵芳葵芳村葵芳廣場1樓112B-C號舖， Kwai Chung,3.2,2,N/A,restaurant/food/point_of_interest
Café de Coral,葵青,N95 ( B ) 一樓， Mount Sterling Mall， Mei Foo Sun Chuen,3.4,1,N/A,restaurant/food/point_of_interest
Shek Yam Wannam Siu Wok Noodle,葵青,112 Lei Muk Road， Kwai Chung,4,2,N/A,restaurant/food/point_of_interest
KFC,葵青,33 Tsing King Road， Tsing Yi,3.6,1,N/A,restaurant/food/point_of_interest
Foodies,葵青,Room 4， 4/F， Wang Lung Industrial Building， 11 Lung Tak Street， 48-56 Wang Lung Street， Tsuen Wan,N/A,N/A,N/A,restaurant/food/point_of_interest
Maxim's MX,葵青,L2 二樓， 新葵興廣場， 166-174號 Hing Fong Road， Kwai Chung,3.3,2,N/A,restaurant/food/point_of_interest
皇雀會（葵芳）,葵青,號 地下 EFI 舖， Kwai Fong Terrace Block 1， 15 Kwai Yi Road， Kwai Fong,3.3,N/A,N/A,restaurant/food/point_of_interest
Joy Cuisine,葵青,Hong Kong,3.3,2,N/A,restaurant/food/point_of_interest
PHD,葵青,Shop B， Ground Floor， 9 Po Lun Street， Lai Chi Kok,3.8,2,N/A,meal_takeaway/restaurant/food
McDonald's (Metroplaza),葵青,Metroplaza， Hing Fong Road， Kwai Fong,3.4,1,N/A,restaurant/food/point_of_interest
Taste Food Limited,葵青,G/F， 30 Lo Tak Court， Tsuen Wan,3.7,1,N/A,restaurant/food/point_of_interest
Delifrance,葵青,一、二期地下C2D舖， 香港紗廠工業大廈， 800 Cheung Sha Wan Road， Cheung Sha Wan,3.7,2,N/A,restaurant/food/point_of_interest
PizzaBird,葵青,E舖， 6號 Fu Yung Street， Tsuen Wan,3.8,1,N/A,restaurant/food/point_of_interest
Calf Bone King,葵青,Man Shing Building， 127 Wo Tong Tsui Street， Kwai Chung,3.6,N/A,N/A,restaurant/food/point_of_interest
TamJai Yunnan Mixian (Kwai Fung Building),葵青,Shop B & C， G/F， Kwai Fung Building Nos. 192-194 & 198-202， Hing Fong Road,3.5,1,N/A,restaurant/food/point_of_interest
Super Super Congee & Noodles,葵青,110舖， 葵涌邨商場， 葵涌,3,1,N/A,restaurant/food/point_of_interest
Tsui Lin Vegetarian,葵青,號地下， 81 Chung On Street， Tsuen Wan,3.3,1,N/A,restaurant/food/point_of_interest
Café de Coral,葵青,二字樓， Nan Fung Centre， 264-298 號 Castle Peak Road - Tsuen Wan， Tsuen Wan,3.5,1,N/A,restaurant/food/point_of_interest
McDonald's (Kwai Cheong Road),葵青,Millennium Trade Centre， 1樓1號舖， 56號 Kwai Cheong Road， Kwai Chung,3.5,1,N/A,restaurant/food/point_of_interest
Cable Car Restaurant,北區,10 Choi Yuen Road， Sheung Shui,3.4,1,N/A,restaurant/food/point_of_interest
Fung Ying Seen Koon,北區,66 Pak Wo Road， Fanling,4,N/A,N/A,tourist_attraction/place_of_worship/restaurant
Tung Kun Lo Congee,北區,Chi Cheong Road,3.7,1,N/A,restaurant/food/point_of_interest
Fairwood (Regentville Shopping Centre),北區,8 Wo Mun Street， Fanling,3.6,1,N/A,restaurant/food/point_of_interest
Kwong Sing Cafe,北區,10號 San Shing Avenue， 上水石湖墟,3.8,1,N/A,restaurant/food/point_of_interest
Café de Coral,北區,Shop 24， 8 Choi Yuen Road， Sheung Shui,3.3,1,N/A,restaurant/food/point_of_interest
Sun Hon Kee Restaurant,北區,聯和墟和豐街28號囍逸，地下1號舖， Fanling,3.8,N/A,N/A,restaurant/food/point_of_interest
KFC,北區,Shop No. 27A， Level， 2， 18 Fanling Station Road， Fanling,3.4,1,N/A,restaurant/food/point_of_interest
Jazz Ramen,北區,地下6號舖， Comfort Court， 65-73號 Luen Wo Road， Fanling,3.8,2,N/A,restaurant/food/point_of_interest
Pizza Hut (Flora Plaza),北區,Shop A71 - A73 & 131， 88 Pak Wo Road， Fanling,3.7,2,N/A,meal_delivery/restaurant/food
Three Meals Four Seasons,北區,172 Jockey Club Road， Sheung Shui,3.7,1,N/A,restaurant/food/point_of_interest
McDonald's (Union Plaza),北區,聯和墟和睦路9號 海聯廣場地下2A及2B， Fanling,3.4,1,N/A,restaurant/food/point_of_interest
Café de Coral,北區,Fanling Station Road， Fanling,3.4,1,N/A,restaurant/food/point_of_interest
Kwan Kee Beef Balls & Pork Knuckles,北區,5號 Luen Cheong Street， Fanling,3.8,2,N/A,restaurant/food/point_of_interest
McDonald's (Fanling),北區,二樓22號舖， 名都商場， 粉嶺,3.4,1,N/A,restaurant/food/point_of_interest
Yoshinoya,北區,MTR Sheung Shui Station， 上 水 港 鐵 站 SHS 10 號 舖 新界,3.6,1,N/A,restaurant/food/point_of_interest
McDonald's (Tin Ping Estate),北區,Hong Kong,3.4,1,N/A,restaurant/food/point_of_interest
Pisces,北區,地下 1037-1038 地舖， 3 Chi Cheong Road， Sheung Shui,3.5,2,N/A,restaurant/food/point_of_interest
Fairwood,北區,18號 Fanling Station Road， Fanling,3.5,1,N/A,restaurant/food/point_of_interest
榮華餅家 (彩園廣場店),北區,彩園廣場地下G5號舖， Sheung Shui,3.2,2,N/A,restaurant/food/point_of_interest
漢興茶檔,北區,號 B 舖 地下， Yuk Lung Building， 3 Luen Hing Street， Fanling,4,1,N/A,restaurant/food/point_of_interest
McDonald's (San Fung Avenue),北區,Kam Shing Building金城大廈， 地下， San Fung Avenue， 上水石湖墟,3.4,1,N/A,restaurant/food/point_of_interest
林德記粉麵,北區,上水石湖墟市政大廈2樓2號舖,3.8,1,N/A,restaurant/food/point_of_interest
Mr. Yammy,北區,7號 Luen Cheong Street， Fanling,3.7,2,N/A,restaurant/food/point_of_interest
Genki Sushi (Fanling),北區,Shop No.51 Level 2， Fanling Town Centre， 18 Fanling Station Road， Fanling,3.7,2,N/A,meal_takeaway/restaurant/food
家和盤菜專家,北區,117號 San Shing Avenue， Sheung Shui,3.8,N/A,N/A,meal_takeaway/restaurant/food
Kau Li Heung Restaurant,北區,89號 San Shing Avenue， Sheung Shui,3.8,1,N/A,restaurant/food/point_of_interest
McDonald's (Choi Yuen Estate),北區,三樓R36及R37號舖， 彩園商場， Sheung Shui,3.4,1,N/A,restaurant/food/point_of_interest
Lok Lok Icehouse,北區,23號 San Cheung Street， Sheung Shui,3.9,2,N/A,restaurant/food/point_of_interest
Glasses Man Rice Roll,北區,43-45 Wo Fung Street， Fanling,3.9,1,N/A,meal_takeaway/restaurant/food
上海美食,北區,Hong Kong,4,N/A,N/A,restaurant/food/point_of_interest
Ngan Lung Restaurant,北區,地下5號舖， 雍盛商場， Fanling,2.8,2,N/A,restaurant/food/point_of_interest
McDonald's (Sheung Shui Town Centre Shopping Arcade),北區,9 Chi Cheong Road， Sheung Shui,3.5,1,N/A,restaurant/food/point_of_interest
Café de Coral,北區,Moon Wah Building， 上水， 140-140A San Fung Avenue， 地下,3.5,1,N/A,restaurant/food/point_of_interest
Pizza Hut Hong Kong,北區,地下56A舖， 聯和墟， Union Plaza Block 2， 9號 Wo Muk Road， Fanling,3.4,2,N/A,meal_delivery/restaurant/food
Deluxe Restaurant,北區,23號 Wo Fung Street， Fanling,3.9,2,N/A,restaurant/food/point_of_interest
Café de Coral,北區,粉嶺雍盛商場102號商舖,3.5,1,N/A,restaurant/food/point_of_interest
輕鬆美食,北區,Sunningdale Garden Block 3， 8 Chi Cheong Road， Sheung Shui,3.6,1,N/A,restaurant/food/point_of_interest
上海小館,北區,176號 Jockey Club Road， Sheung Shui,3.6,N/A,N/A,restaurant/food/point_of_interest
海記美食坊,北區,粉嶺聯和墟街市2樓熟食中心10號舖,3.4,N/A,N/A,restaurant/food/point_of_interest
津苑粉麵茶餐廳,北區,92， 88 Pak Wo Road， Fanling,3.7,1,N/A,restaurant/food/point_of_interest
Seven Durian Thai Restaurant,北區,Dawning Views Block 2， Yat Ming Road， Fanling,3.8,2,N/A,restaurant/food/point_of_interest
媽子美點,北區,21號 Wo Fung Street， Fanling,3.7,1,N/A,restaurant/food/point_of_interest
Tai Wo Noodles,北區,彩 園 巴士 站 旁邊， Choi Yuen Road， Sheung Shui,3.3,N/A,N/A,restaurant/food/point_of_interest
超記,北區,Chi Cheong Road,3,N/A,N/A,restaurant/food/point_of_interest
馬仔記客家菜館,北區,號地下， 57-59 San Hong Street， Sheung Shui,3.3,2,N/A,restaurant/food/point_of_interest
The Better 'Ole Bar & Restaurant (Sheung Shui),北區,號地舖， 35-39號 符興街， 上水,4,2,N/A,bar/restaurant/food
魔法甜品屋,北區,115， 88 Pak Wo Road， Fanling,2.9,N/A,N/A,restaurant/food/point_of_interest
Tao Heung,北區,地下 13 舖， 碧湖花園， 15號 一鳴路， 粉嶺,3.2,2,N/A,restaurant/food/point_of_interest
城記飯店,北區,Chi Cheong Road,3.4,N/A,N/A,restaurant/food/point_of_interest
Keung Kee Street Restaurant,北區,上水石湖墟市政大廈2樓,3.3,2,N/A,restaurant/food/point_of_interest
Fairwood (Flora Plaza),北區,Shop 72， 88 Pak Wo Road， Fanling,3.6,1,N/A,restaurant/food/point_of_interest
Shing Fat Cafe,北區,24 San Hong Street， Sheung Shui,3.9,2,N/A,restaurant/food/point_of_interest
紅記,北區,上水石湖墟市政大廈2樓17號舖,3,N/A,N/A,restaurant/food/point_of_interest
正宗山東餃子店,北區,地下B舖， Yau Hing Building， 2-4號 聯盛街， 粉嶺,3.7,N/A,N/A,restaurant/food/point_of_interest
Jia Yun Restaurant,北區,上水石湖墟市政大廈2樓CF7號舖,3.9,N/A,N/A,restaurant/food/point_of_interest
Jin Wei Xiao Chu Restaurant,北區,粉嶺聯和墟和泰街37號地下,3.6,2,N/A,restaurant/food/point_of_interest
明記腸粉,北區,地下， 148 B 號， 馬會道， 上水,3.5,1,N/A,restaurant/food/point_of_interest
Kwong Kee Congee Shop,北區,Shop 13， 2/f.， Urban Council Complex， Luen Wo Hui，， Fanling,4,N/A,N/A,restaurant/food/point_of_interest
Boat People Fishball Rice Noodles,北區,2號 Luen Cheong Street， Fanling,3.8,N/A,N/A,restaurant/food/point_of_interest
Crowne Plaza Hong Kong Kowloon East by IHG,西頁,Tower 5， 3 Tong Tak Street， Tseung Kwan O,4.1,N/A,N/A,lodging/restaurant/food
Victoria Harbour Restaurant (Po Lam),西頁,1 Wan Hang Road， Hang Hau,3.5,2,N/A,restaurant/food/point_of_interest
Saizeriya,西頁,一期地下G7，G16-24號舖， 新都城中心， 1號 Wan Hang Road， Tseung Kwan O,3.8,1,N/A,restaurant/food/point_of_interest
Ho Yin Seafood Restaurant,西頁,調 景 嶺 號 都會 駅 商場 2 樓 R01 號， 8 King Ling Road， Tseung Kwan O,3.1,2,N/A,restaurant/food/point_of_interest
PhD,西頁,Park Central， Tong Tak Street， Tseung Kwan O,3.2,2,N/A,meal_takeaway/restaurant/food
McDonald's (Po Lam Estate),西頁,寶林邨寶林商場 地下103號舖， Tseung Kwan O,3.6,1,N/A,restaurant/food/point_of_interest
UniBistro and Bar,西頁,Lo Ka Chung University Center， Clear Water Bay,3.9,2,N/A,restaurant/food/point_of_interest
McDonald's,西頁,LG5餐廳， 香港科技大學學術樓， 清水灣,2.5,1,N/A,restaurant/food/point_of_interest
Sushi Express(HangHau,西頁,南豐廣場1樓R1A號舖， 8號 Pui Shing Road， Tseung Kwan O,3.5,1,N/A,restaurant/food/point_of_interest
McDonald's (TKO Spot),西頁,2樓216號鋪， 將軍澳尚德邨尚德廣場， 將軍澳,3.5,1,N/A,restaurant/food/point_of_interest
上海真美豆漿大王,西頁,新都城中心三期地下商舖G22， 8號 Mau Yip Road， Tseung Kwan O,3.5,1,N/A,restaurant/food/point_of_interest
Fairwood,西頁,Metro City Phase 1 Block 4， 1 Wan Hang Road， Metro City,3.6,1,N/A,restaurant/food/point_of_interest
Hung Fook Tong,西頁,Tseung Kwan O Station， Tseung Kwan O,2.3,2,N/A,health/restaurant/food
KFC,西頁,G61-62， 9 Tong Chun Street， Tseung Kwan O,3.5,1,N/A,restaurant/food/point_of_interest
Tong Kee Bao Dim,西頁,134， 15 Pui Shing Road， Tseung Kwan O,3.6,N/A,N/A,restaurant/food/point_of_interest
Café de Coral (Nan Fung Plaza),西頁,8 Pui Shing Road， Tseung Kwan O,3.4,1,N/A,restaurant/food/point_of_interest
Café de Coral,西頁,一樓 1-009-013 號舖， 將軍澳廣場商場， 1 號 Tong Tak Street， Tseung Kwan O,3.4,1,N/A,restaurant/food/point_of_interest
KFC,西頁,L2層2005號舖， 新都城中心二期商場， 8號 Yan King Road， Tseung Kwan O,3.5,1,N/A,restaurant/food/point_of_interest
Fairwood,西頁,15 Pui Shing Road， Hang Hau,3.5,1,N/A,restaurant/food/point_of_interest
Fairwood,西頁,將軍澳寶林村寶林商場地下102號舖,3.5,1,N/A,restaurant/food/point_of_interest
Super Super Congee & Noodles,西頁,將軍澳新都城二期UG001-003號舖,3.3,1,N/A,restaurant/food/point_of_interest
McDonald's (TKO Gateway),西頁,TKO Gateway， 2 Sheung Ning Road， Tseung Kwan O,3.6,1,N/A,restaurant/food/point_of_interest
Pizza Hut Hong Kong,西頁,樓199A號舖， East Point City Shopping Arcade， Chung Wa Road， Tseung Kwan O,3.7,2,N/A,meal_delivery/restaurant/food
Fika Restaurant & BAR,西頁,No.24 Ground Floor Hang Hau Village， Tseung Kwan O,4.4,2,N/A,restaurant/food/point_of_interest
Fairwood,西頁,Tiu Keng Wan,3.6,1,N/A,restaurant/food/point_of_interest
McDonald's (Tsui Lam Estate),西頁,126號舖， 翠林邨翠林商場， Tseung Kwan O,3.7,1,N/A,restaurant/food/point_of_interest
HKUST Restaurant,西頁,G/F & 1/F， HKUST， Sai Kung,3.8,1,N/A,restaurant/food/point_of_interest
Sushi Express,西頁,15 Pui Shing Road， Tseung Kwan O,3.7,1,N/A,restaurant/food/point_of_interest
China Gardens,西頁,G/F， Academic Building， Hong Kong University of Science and Technology， Clear Water Bay,3.7,2,N/A,restaurant/food/point_of_interest
正興美食,西頁,Hong Kong,3.3,N/A,N/A,restaurant/food/point_of_interest
McDonald's (Maritime Bay),西頁,18 Pui Shing Road， Hang Hau,3.4,1,N/A,restaurant/food/point_of_interest
Grand Restaurant & Pub,西頁,Hong Kong,3.5,2,N/A,restaurant/food/point_of_interest
Hop Sze Restaurant,西頁,將軍澳坑口村5座地下至2樓,3.3,2,N/A,restaurant/food/point_of_interest
McDonald's (Verbena Heights),西頁,將軍澳茵怡花園地下1號舖,3.4,1,N/A,restaurant/food/point_of_interest
McDonald's (Park Central),西頁,Park Central， G37號舖， Tong Tak Street， Tseung Kwan O,3.6,1,N/A,restaurant/food/point_of_interest
McDonald's (Metro City Plaza II),西頁,新都城中心二期商場 一樓1017號舖， 8號 Yan King Road,3.6,1,N/A,restaurant/food/point_of_interest
Snack Express,西頁,Shop HAH14， Hang Hau Station Of Mass Transit Railway Cooperation， Hong Kong， 坑口， Tseung Kwan O,3.3,N/A,N/A,meal_takeaway/restaurant/food
Café de Coral,西頁,翠林邨商場108號舖， Tseung Kwan O,3.1,1,N/A,restaurant/food/point_of_interest
Pizza Hut (Metro City Plaza),西頁,Shop 2071-72， 8 Yan King Road， Tseung Kwan O,3.5,2,N/A,meal_delivery/restaurant/food
McDonald's (Kai Tin Shopping Centre),西頁,一樓104A號舖， 德田商場， Lam Tin,3.3,1,N/A,restaurant/food/point_of_interest
Café de Coral,西頁,209號舖， 德田廣場， Lam Tin,3.2,1,N/A,restaurant/food/point_of_interest
Tao Heung Tea House,西頁,R-3 No. 8， Nan Fung Plaza， Unit R-3， Podium Level 1， 8 Pui Shing Road， Tseung Kwan O,3.2,2,N/A,restaurant/food/point_of_interest
Tao Heung,西頁,L2 新都城中心二期， 8 Yan King Road， Tseung Kwan O,3.3,2,N/A,restaurant/food/point_of_interest
Super Super Congee & Noodles,西頁,三樓303號舖， 德田廣場， Lam Tin,3.2,1,N/A,restaurant/food/point_of_interest
潮州冷美食坊,西頁,安寧花園二座地下18-21號， Hang Hau,3.2,1,N/A,restaurant/food/point_of_interest
利强記北角雞蛋仔 (將軍澳店),西頁,11號舖， 將軍澳港鐵寶琳站， Tseung Kwan O,2.5,N/A,N/A,meal_takeaway/restaurant/food
Riverside Restaurant,西頁,8 Chung Wa Road， Tseung Kwan O,3.5,2,N/A,restaurant/food/point_of_interest
Wing Kee Noodle,西頁,Sheung Ning Road， Hang Hau,3.6,N/A,N/A,restaurant/food/point_of_interest
Yoshinoya,西頁,都會 駅 商場 第 2 層 R04 號 舖 將軍澳,3.2,1,N/A,restaurant/food/point_of_interest
金牌麵家,西頁,9 Tong Tak Street， Tseung Kwan O,4,N/A,N/A,restaurant/food/point_of_interest
尚德熟食,西頁,Hong Kong,3.3,N/A,N/A,restaurant/food/point_of_interest
康順美食,西頁,Hong Kong,4.5,N/A,N/A,restaurant/food/point_of_interest
Cafe 100% (Nan Fung Plaza),西頁,Hang Hau,3.5,2,N/A,restaurant/food/point_of_interest
Tasteful Kitchen,西頁,1 Ngan O Road， Hang Hau,3.6,2,N/A,restaurant/food/point_of_interest
上海知味,西頁,Hong Kong,N/A,N/A,N/A,restaurant/food/point_of_interest
Café de Coral,西頁,三樓311及312號舖， 1號 Choi Ming Street， Tseung Kwan O,3.4,1,N/A,restaurant/food/point_of_interest
Café de Coral,西頁,廣田商場1樓101A號舖， Lam Tin,3.1,1,N/A,restaurant/food/point_of_interest
Golden Rice Bowl,西頁,1 University Road， Clear Water Bay,3.6,N/A,N/A,restaurant/food/point_of_interest
The Chef’s Table,西頁,香港九龍東皇冠假日酒店1樓， 3號 Tong Tak Street， Tseung Kwan O,3.5,N/A,N/A,restaurant/food/point_of_interest
Praise House Congee & Noodle Cuisine,西頁,號 PopCorn 商場 地下 G01 號 舖， 9 Tong Yin Street， Tseung Kwan O,3.6,2,N/A,restaurant/food/point_of_interest
Royal Park Hotel,沙田,8 Pak Hok Ting Street， Sha Tin,4.1,N/A,N/A,bakery/lodging/restaurant
UCC Coffee Shop (Sha Tin),沙田,New Town Plaza Phase 3 Block 5 Cotton Tree Court， 2-8 Sha Tin Centre Street， Sha Tin,3.4,N/A,N/A,restaurant/cafe/food
Lei Garden (New Town Plaza),沙田,Shop 633， New Town Plaza， Sha Tin,3.8,3,N/A,restaurant/food/point_of_interest
Lung Wah Hotel,沙田,22 Wo Che Ha， 沙田,3.5,2,N/A,restaurant/food/point_of_interest
Parkview,沙田,117號舖， 新城市廣場一期， 18 沙田正街， 沙田,3.7,2,N/A,restaurant/food/point_of_interest
Avanti Pizzeria,沙田,G/F， Regal Riverside Hotel， 34-36 Tai Chung Kiu Road， Sha Tin,3.5,2,N/A,restaurant/food/point_of_interest
Pizza Hut Hong Kong,沙田,6號舖， Technology Park， 18號 On Lai Street， Sha Tin,4,2,N/A,meal_delivery/restaurant/food
Regal Terrace,沙田,2/F， Tai Chung Kiu Road， Sha Tin,4.3,N/A,N/A,restaurant/food/point_of_interest
Tai Hing,沙田,51， 沙田沙田正街21-27號 沙田廣場 3， 21～27 Sha Tin Centre Street， Sha Tin,3.3,2,N/A,restaurant/food/point_of_interest
Sakurada Japanese Restaurant,沙田,8 Pak Hok Ting Street， Sha Tin,4.1,N/A,N/A,restaurant/food/point_of_interest
Hong Lin Restaurant,沙田,100 Chik Fuk Street， Tai Wai,3.8,2,N/A,restaurant/food/point_of_interest
L'Eau Restaurant,沙田,3/F， 34-36 Tai Chung Kiu Road， Sha Tin,3.5,N/A,N/A,restaurant/food/point_of_interest
Chun Chun Restaurant,沙田,HK New Territories Fo Tan東熟食市場， Shan Mei Street， Fo Tan,3.5,2,N/A,restaurant/food/point_of_interest
Fairwood,沙田,廣源商場1座 3號舖， Sha Tin,3.3,1,N/A,restaurant/food/point_of_interest
Kong Hing Restaurant,沙田,Lai Sing Mansion， 79-81號 Tsuen Nam Road， Tai Wai,3.5,2,N/A,restaurant/food/point_of_interest
Wing Lok Cafe,沙田,6 Lek Yuen Street， Sha Tin,3.7,1,N/A,restaurant/food/point_of_interest
Pizza-BOX,沙田,6 Wong Chuk Yeung Street， Fo Tan,3.7,N/A,N/A,meal_takeaway/restaurant/food
Yoshinoya,沙田,沙田 好運 中心 3 樓 108， 109， 109A1 號 舖,3.3,1,N/A,restaurant/food/point_of_interest
KFC,沙田,26C， 26D & 27， Shop Nos. 26C， 26D & 27， Level 3， Shatin Centre， 2-16 Wang Pok Street， Sha Tin,3.6,1,N/A,restaurant/food/point_of_interest
Star Seafood Restaurant,沙田,9-11號 Tai Wai Road， Tai Wai,3.2,2,N/A,restaurant/food/point_of_interest
King's Fortune Banquet Hall,沙田,愉 翠 商場 號， 2 Ngau Pei Sha Street,3.4,2,N/A,restaurant/food/point_of_interest
Genki Sushi (Fortune City One),沙田,7 Tak Po Street， Sha Tin,3.6,2,N/A,restaurant/food/point_of_interest
Tao Heung,沙田,3樓， 蔚景園2座， 1號 沙田正街， 沙田,3.2,2,N/A,restaurant/food/point_of_interest
Chan Kun Kee,沙田,2號 沙田石門安群街一號京瑞廣場二期地下G03號舖Shop G03， G/F， Kings Wing Plaza 2， No.1 On Kwan Street， Shek Mun， Sha Tin， N.T， 2 On Kwan Street， Sha Tin,3.7,2,N/A,restaurant/food/point_of_interest
Greenland Restaurant,沙田,Hong Kong,3.4,2,N/A,restaurant/food/point_of_interest
耀哥小廚,沙田,Tai Wai,3.7,1,N/A,restaurant/food/point_of_interest
Hsin Kuang Banquet Hall,沙田,52 Tai Chung Kiu Road,3.5,2,N/A,restaurant/food/point_of_interest
Waki Shokudo,沙田,沙田圍， Sha Tin,3.8,2,N/A,restaurant/food/point_of_interest
Café de Coral,沙田,Sha Tin Tau,2.8,1,N/A,restaurant/food/point_of_interest
Taiyuan Street Restaurant,沙田,Fo Tan Cooked Food Market (East)， Fo Tan,3.6,2,N/A,restaurant/food/point_of_interest
Café de Coral,沙田,沙田火炭樂景街 28 號御龍山商場地下 101 號舖,3.4,1,N/A,restaurant/food/point_of_interest
來來重慶雞煲火鍋菜館,沙田,Hong Kong,3.3,N/A,N/A,restaurant/food/point_of_interest
Sun Kwong Fat,沙田,熟食中心1號舖， 博康邨博文樓， 沙角街， 沙田,3.5,1,N/A,restaurant/food/point_of_interest
Regal Patisserie,沙田,G/F， 34-36 Tai Chung Kiu Road， Sha Tin,2.8,N/A,N/A,bakery/store/restaurant
McDonald's (New Town Plaza),沙田,223， 正街新城市廣場一期2樓221， Sha Tin,3.4,1,N/A,meal_takeaway/restaurant/food
TamJai Yunnan Mixian (Wai Wah Centre),沙田,Shop Nos. 5A to 5D， G/F， Chanway Shopping Centre Nos， 11-17 Sha Tin Centre Street， Sha Tin,3.6,1,N/A,restaurant/food/point_of_interest
Shing Kee Noodles,沙田,Lek Yuen Street， Lek Yuen Estate,4.2,2,N/A,restaurant/food/point_of_interest
TamJai SamGor (Tai Wai),沙田,101-102說舖， 金禧商場， Tai Wai,3.5,1,N/A,restaurant/food/point_of_interest
Fook Choi Seafood Restaurant,沙田,141-145 Ngan Shing Street， City One - Shatin,3.4,2,N/A,restaurant/food/point_of_interest
Yoshinoya,沙田,Fortune City One Plus， 2 Ngan Shing Street， Sha Tin,3,1,N/A,restaurant/food/point_of_interest
Pizza Hut (Sun Chui Shopping Centre),沙田,大圍新翠邨商場2樓41-42號舖， Sha Tin,3.8,2,N/A,meal_delivery/restaurant/food
McDonald's (Hilton Plaza),沙田,三樓8及20號舖， 希爾頓中心， Sha Tin,3.4,1,N/A,restaurant/food/point_of_interest
KFC,沙田,Shop Nos. 124A， 125A & 126A on the First Floor， Fortune City One， City One Shatin， Shatin,3.4,1,N/A,restaurant/food/point_of_interest
McDonald's (Mei Lam Estate),沙田,Mei Lam Estate， HK New Territories 新界沙田一樓96號舖， Tai Wai,3.4,1,N/A,restaurant/food/point_of_interest
McDonald's (Sun Chui Estate),沙田,地下1B舖， Sun Chui Shopping Centre， Chui Tin Street， Tai Wai,3.6,1,N/A,restaurant/food/point_of_interest
McDonald's (Yu Chui Court),沙田,1樓101號舖， 愉翠苑愉翠商場， Sha Tin,3.3,1,N/A,restaurant/food/point_of_interest
Asra Indian Restaurant,沙田,18-24 Shan Mei St Shop 15，1/F， Shatin Galleria，Fotan (NT， Shan Mei Street， Fo Tan,4.1,2,N/A,restaurant/food/point_of_interest
Pizza Hut Hong Kong,沙田,火炭坳背灣街27-31號協興工業中心地下B2E舖， Sha Tin,4,2,N/A,restaurant/meal_delivery/food
Kam Sha Kok Cafe,沙田,5號 Sha Kok Street， Sha Tin,3.4,1,N/A,restaurant/food/point_of_interest
Sun Ming Kee Hot Pot,沙田,Ka Chuen House， 38-44 Chik Chuen Street， Tai Wai,3.6,2,N/A,restaurant/food/point_of_interest
King Wu Ting Restaurant,沙田,219號舖， 顯徑村， 沙田大圍,3.7,2,N/A,restaurant/food/point_of_interest
IKEA Swedish Restaurant,沙田,5/F， Grand Central Plaza， HomeSquare， L6， 138， 138 Sha Tin Rural Committee Road， Sha Tin,3.9,1,N/A,restaurant/food/point_of_interest
McDonald's (Tai Wai),沙田,地下1 號鋪及1 樓全層， Yiu Po Mansion， 37-47 號 Tai Wai Road， Tai Wai,3.6,1,N/A,restaurant/food/point_of_interest
Kwok Shui Heen (Sha Tin),沙田,10～18號 Pak Hok Ting Street， Sha Tin,3.6,N/A,N/A,restaurant/food/point_of_interest
McDonald's,沙田,Shop G84-G85， 1 Tsun King Road， Fo Tan,3.6,1,N/A,restaurant/food/point_of_interest
嚐味,沙田,1 Sha Tin Station Circuit， Sha Tin,3.6,N/A,N/A,restaurant/food/point_of_interest
New Star Restaurant,沙田,香港小瀝源村小瀝源沙田小瀝源村地下， Siu Lek Yuen Tsuen,3.4,2,N/A,restaurant/food/point_of_interest
Dragon Inn,沙田,1/F， 34-36 Tai Chung Kiu Road， Sha Tin,3.8,N/A,N/A,restaurant/food/point_of_interest
Pappagallo - Sha Tin,沙田,Sha Tin,1,N/A,N/A,restaurant/food/point_of_interest
Café de Coral,沙田,地下 1 號舖， Mei Tin Road， Sha Tin,3.2,1,N/A,restaurant/food/point_of_interest
Billow Bar Seafood Bistro,大埔,Shop B ， No， 2 紅林路， 大埔滘,3.9,3,N/A,restaurant/food/point_of_interest
Cafe Seoul,大埔,Shop 8， G/F， Block B， Tai Po Tai Wo Road， Tai Po,4,N/A,N/A,restaurant/food/point_of_interest
Grampus Eight,大埔,安泰路1號， 大埔廣場地鋪57號,4.2,2,N/A,restaurant/food/point_of_interest
Pizza Hut (Tai Po Mega Mall),大埔,Tai Po Centre Block 8， 大埔超級城商場A區2樓76-82號舖， 8 On Pong Road， Tai Po,3.7,2,N/A,meal_delivery/meal_takeaway/restaurant
余曉記上海包,大埔,Shop E， G/F， Dragon Court， 26-28 Tai Ming Lane， Tai Po,3.5,N/A,N/A,restaurant/food/point_of_interest
McDonald's (Uptown Plaza),大埔,Uptown Plaza， 9 Nam Wan Road， Wan Tau Tong,3.7,1,N/A,restaurant/food/point_of_interest
Genki Sushi (Tai Po Mega Mall),大埔,Mega Mall， Shop 505-515 Level 1， Zone C， 3 On Pong Road， Tai Po,3.7,2,N/A,meal_takeaway/restaurant/food
Rainbow BBQ food,大埔,地下 D鋪， 廣安大廈， 20號 運頭街， 大埔,4.4,2,N/A,restaurant/food/point_of_interest
Pizza Hut Hong Kong,大埔,地下3號舖， 大埔翠樂街11號美豐花園， Tai Po,3.6,2,N/A,meal_delivery/restaurant/food
Star Palace， Star Seafood Restaurant,大埔,1/F， 花園一樓 29-35號榮睴 Ting Kok Road 1/F， Wing Fai Garden Shopping Centre， 29-35 Ting Kok Road， Tai Po,3.5,2,N/A,restaurant/food/point_of_interest
Pizza Hut Hong Kong,大埔,號地舖， 大埔墟寶湖道18號麗湖閣11&12， Tai Po,3.6,2,N/A,meal_delivery/restaurant/food
New Fortune Restaurant,大埔,Hong Kong,3.6,2,N/A,restaurant/food/point_of_interest
Eightland Cafe,大埔,地下1-2號舖， On Chee Road， Tai Po,3.8,2,N/A,restaurant/food/point_of_interest
有記茶果,大埔,CFS20， Tai Po Complex， 8號 Heung Sze Wui Street， Tai Po,3.6,N/A,N/A,restaurant/food/point_of_interest
Sushi Express (Tai Po Plaza),大埔,大埔廣場第二層5D，5E號舖， 1號 On Tai Road， Tai Po,3.7,1,N/A,restaurant/food/point_of_interest
三小姐 (銓仔記) 海鮮小菜,大埔,Tai Po Complex， CFS35， 2/F， Tai Po Complex， NT， 8 Heung Sze Wui Street， Tai Po,3.6,N/A,N/A,restaurant/food/point_of_interest
McDonald's (Fortune Plaza),大埔,HK New Territories昌運中心57-66號地下， 4號 On Chee Road， Tai Po,3.6,1,N/A,restaurant/food/point_of_interest
Lam Kee Dim Sum,大埔,大埔鄉事會街8號大埔墟街市及熟食中心2樓CFS08-09舖,3.7,1,N/A,restaurant/food/point_of_interest
Carnival Seafood Restaurant,大埔,富亨邨， 大埔,3.4,2,N/A,restaurant/food/point_of_interest
李記咖啡奶茶,大埔,CFS33， Tai Po Complex， 8號 Heung Sze Wui Street， Tai Po,3.5,N/A,N/A,restaurant/food/point_of_interest
嘉利美食店,大埔,Hong Kong,3.9,N/A,N/A,restaurant/food/point_of_interest
Egg Roll Specialist,大埔,Hong Kong,3.6,1,N/A,meal_takeaway/restaurant/food
McDonald's (Tai Wo),大埔,102， Tai Wo Shopping Centre， Tai Po Road (Tai Wo)， Tai Po,3.7,1,N/A,restaurant/food/point_of_interest
Victoria Harbour Supreme (Tai Po),大埔,Hong Kong,3.5,2,N/A,restaurant/food/point_of_interest
囍囍小廚,大埔,地下G-I號舖， 廣安大廈， 20號 運頭街， 大埔,3.5,2,N/A,restaurant/food/point_of_interest
Cafe de Coral - Uptown Plaza,大埔,大埔南運路 9 號新達廣場一樓 53 號,3.4,1,N/A,restaurant/food/point_of_interest
Wah Fai Restaurant & Cake Shop,大埔,13 Heung Sze Wui Street， Tai Po,3.5,2,N/A,restaurant/food/point_of_interest
Boat One,大埔,地下及1樓A鋪 Fuller Garden Phase I Marigold Court， 富萊花園， Chui Lok Street， Tai Po,3.3,2,N/A,restaurant/food/point_of_interest
McDonald's (Tai Po Market Kwong Fuk Road),大埔,地庫， 70號 Kwong Fuk Road， Tai Po,3.7,1,N/A,restaurant/food/point_of_interest
Fairwood,大埔,2樓202號舖， Fu Shin Shopping CentreFu Shin Estate， Tai Po,3.5,1,N/A,restaurant/food/point_of_interest
郭仔記粥麵餐廳,大埔,地下C4-5， 42-44號 大榮里， 大埔,3.4,1,N/A,restaurant/food/point_of_interest
Golden Thai Delicious,大埔,新界大埔鄉事會街8號大埔墟街市及熟食中心2樓,4,N/A,N/A,restaurant/food/point_of_interest
Yeung Woo Tong,大埔,4 On Chee Road， Tai Po,3.6,N/A,N/A,restaurant/food/point_of_interest
Maxim's MX,大埔,10 Hiu Wan Road， Tai Po,3.3,2,N/A,restaurant/food/point_of_interest
McDonald's (Kwong Fuk Commercial Centre),大埔,P316號舖， 廣福邨廣福商場， Tai Po,3.4,1,N/A,restaurant/food/point_of_interest
McDonald's (Fu Shin Estate),大埔,大埔富善村富善商場地下G25號舖,3.6,1,N/A,restaurant/food/point_of_interest
Hachinoheya (Tai Po),大埔,富善邨商場地下G017號舖， Tai Po,3.4,2,N/A,restaurant/food/point_of_interest
Genki Sushi (Tai Wo),大埔,223舖， 太和商場第一期， 12 太和路， 大埔,3.7,2,N/A,restaurant/food/point_of_interest
Hoi Tat Fish Ball,大埔,號地下， 14 Kwong Fuk Lane， Tai Po,3.7,1,N/A,restaurant/food/point_of_interest
Simple Kitchen,大埔,Hong Kong,3.7,N/A,N/A,restaurant/food/point_of_interest
Tung Kee Noodles Restaurant (Tai Po Hui Market),大埔,8 Heung Sze Wui Street， Tai Po,3.7,N/A,N/A,restaurant/food/point_of_interest
Snack Express,大埔,Nga Wan Road， Tai Po,2.5,N/A,N/A,meal_takeaway/restaurant/food
Hoi Fan Cafe,大埔,15 地下， 1 Tai Ming Lane， Tai Po,3.6,2,N/A,restaurant/food/point_of_interest
Cafe Polanka,大埔,8 On Pong Road， Tai Po,3.3,N/A,N/A,restaurant/food/point_of_interest
Sushi Take-Out,大埔,超級城A區第一層003號舖， 9號 On Pong Road， Tai Po,3.6,1,N/A,meal_takeaway/restaurant/food
King's Belly,大埔,Mei Fung Building， 6號 Wan Tau Kok Lane， Tai Po,4.2,2,N/A,bar/restaurant/food
Soho Cafe and Restaurant,大埔,Mei Fung Building， 6號 Wan Tau Kok Lane， Tai Po,3.9,2,N/A,bar/restaurant/food
Man Wah Fish Ball Noodle,大埔,號地下C舖， 19 Kwong Fuk Lane， Tai Po,3.5,1,N/A,restaurant/food/point_of_interest
真才實料,大埔,103 Kwong Fuk Road， Tai Po,4,N/A,N/A,restaurant/food/point_of_interest
姑媽小廚,大埔,Tower 2， HK #15-07 The Metropolis,N/A,N/A,N/A,restaurant/food/point_of_interest
Fook Moon Restaurant,大埔,52 Kwong Fuk Road， Tai Po,3.6,N/A,N/A,restaurant/food/point_of_interest
Sam Po Sing Shanghai Food,大埔,號地下， 利宜樓， 12 南盛街， 大埔,3.6,2,N/A,restaurant/food/point_of_interest
Hung Lee Cafe,大埔,Hong Kong,3.7,2,N/A,restaurant/food/point_of_interest
紫竹林,大埔,Hei Tai Building， 17 Pak Shing Street， Tai Po,4.6,N/A,N/A,restaurant/food/point_of_interest
Fairwood,大埔,10 Hiu Wan Road， Wan Tau Tong,3.4,1,N/A,restaurant/food/point_of_interest
KFC,大埔,501 - 504， 8 On Pong Road， Tai Po,3.4,1,N/A,restaurant/food/point_of_interest
順興燒臘名家,大埔,56 Po Heung Street， Tai Po,3.6,N/A,N/A,meal_takeaway/restaurant/food
洪記,大埔,Hong Kong,3,N/A,N/A,restaurant/food/point_of_interest
香港燒味,大埔,Tai Kwong Lane， Tai Po,N/A,N/A,N/A,restaurant/food/point_of_interest
Wah Lap Restaurant,大埔,48 Po Heung Street， Tai Po,3.6,2,N/A,restaurant/food/point_of_interest
Délifrance,荃灣,HK New Territories Tsuen Wan Castle Peak Road - Tsuen Wan， 398號 1樓1051號舖 愉景新城商場,3.8,2,N/A,restaurant/food/point_of_interest
Pizza Hut (D•PARK),荃灣,Shop 1035， 1/F， D‧PARK， 398 Castle Peak Road - Tsuen Wan， Tsuen Wan,3.6,2,N/A,meal_delivery/restaurant/food
名坊中西美食,荃灣,青衣上高灘街 涌美村130號地下,3.1,1,N/A,restaurant/food/point_of_interest
牛欄牛什粉麵,荃灣,132 Sha Tsui Road， Tsuen Wan,3.7,1,N/A,restaurant/food/point_of_interest
Mi-Ne Sushi,荃灣,442 - 445， 30 Tai Pa Street， Tsuen Wan,3.8,2,N/A,restaurant/food/point_of_interest
Hong Kong Adventist Hospital – Tsuen Wan Staff Canteen,荃灣,199號， 199 荃景圍， 荃灣,3.9,N/A,N/A,restaurant/food/point_of_interest
pu erh,荃灣,號地舖， 59 Tai Pa Street， Tsuen Wan,3.4,1,N/A,restaurant/food/point_of_interest
Café Circles,荃灣,9/F， 8 Yeung Uk Road， Tsuen Wan,3.9,2,N/A,meal_takeaway/restaurant/food
Maxim's MX,荃灣,338 Castle Peak Road - Tsuen Wan， Tsuen Wan,3.4,2,N/A,restaurant/food/point_of_interest
必勝客 (麗城花園店) / PHD外賣自提點,荃灣,荃灣麗城花園第二期麗城花園購物中心地下1-2號舖， Tusen Wan,3.5,2,N/A,meal_delivery/restaurant/food
Tai Hing,荃灣,翠 怡 花園 3 期 商場 地下 304-305 號 舖， 1 Fung Shue Wo Road， Tsing Yi,3.5,2,N/A,restaurant/food/point_of_interest
Bun Kee Congee & Noodle Shop,荃灣,6A Tai Pei Square， Tsuen Wan,4,2,N/A,restaurant/food/point_of_interest
Cafe 100%,荃灣,地下9-11號舖， Tsing Yi,3,2,N/A,restaurant/food/point_of_interest
McDonald's (Nan Fung Centre),荃灣,荃灣 號 南 豐 中心 商場 3 樓 301 號 舖， 264-298 Castle Peak Road - Tsuen Wan， Tsuen Wan,3.5,1,N/A,restaurant/food/point_of_interest
Taste Restaurant,荃灣,Shop G30-G33， G/F， City Landmark 2， 68 Chung On Street， Tsuen Wan,1,N/A,N/A,restaurant/food/point_of_interest
Café de Coral,荃灣,荃灣中心15-17座地下51-70號,3.4,1,N/A,restaurant/food/point_of_interest
Hong Kong Gold Coast Hotel,屯門,1 號， Castle Peak Road， Castle Peak， 黃金海岸 Gold Coast， 1 Castle Peak Road-Castle Peak Bay， So Kwun Wat,4.2,N/A,N/A,lodging/restaurant/food
Saizeriya,屯門,Eldo Court Shopping Centre， 1樓S8-10，24-29號舖， Tuen Mun Heung Sze Wui Road， Tuen Mun,3.8,1,N/A,restaurant/food/point_of_interest
The Palace (Tuen Mun),屯門,126 Tuen Mun Heung Sze Wui Road， Tuen Mun,3.2,2,N/A,restaurant/food/point_of_interest
Maxim's Palace (Tuen Mun),屯門,Tuen Mun Town Hall， 3 Tuen Hi Road， Tuen Mun,3.5,2,N/A,restaurant/food/point_of_interest
Yoshinoya,屯門,3樓 25 舖， Trend Plaza South Wing， 2 Tuen Hop Street， Tuen Mun,3.6,1,N/A,restaurant/food/point_of_interest
MOS BURGER,屯門,屯隆街錦薈坊2樓206-208號鋪， Tuen Mun,3.9,2,N/A,restaurant/food/point_of_interest
Tai Hing,屯門,16，17A， 2 Tuen Hop Street， Tuen Mun,3.2,2,N/A,restaurant/food/point_of_interest
Crystal Jade (TMT Plaza),屯門,Shop 2131 - 33 ， 35 - 43 ， 45 - 50， 3 Tuen Lung Street， Tuen Mun,3.6,2,N/A,restaurant/food/point_of_interest
Star Seafood Restaurant,屯門,3 樓， Tuen Mun Parklane Square， 2 Tuen Hi Road， Tuen Mun,3.4,2,N/A,restaurant/food/point_of_interest
Mighty Vegetarian,屯門,A座， 5號 石排頭路， 屯門,3.8,2,N/A,restaurant/food/point_of_interest
King of Kitchen,屯門,103-105 Leung Wan Street， Tuen Mun,3.4,2,N/A,restaurant/food/point_of_interest
Resto Bar & Grill,屯門,Shop No 3， 5， 6 & 7， G/F， Gold Coast Piazza Hong Kong Gold Coast， 1 Castle Peak Road - So Kwun Wat， Tuen Mun,4,2,N/A,restaurant/food/point_of_interest
Tuen Mun Curry House,屯門,彩華花園， 25號地舖， Tuen Mun,4.3,1,N/A,restaurant/food/point_of_interest
Ho Lan Un,屯門,地下C7舖， 7號 Shek Pai Tau Road， Tuen Mun,3.7,1,N/A,restaurant/food/point_of_interest
Double Happiness Restaurant,屯門,樓101-120號舖， 新屯門中心3座， 55-65號 龍門路， 屯門,3.2,2,N/A,restaurant/food/point_of_interest
Fairwood,屯門,三聖恆福商場， 屯門,3.5,1,N/A,restaurant/food/point_of_interest
青山灣美食廚房,屯門,Hong Kong,3.6,2,N/A,restaurant/food/point_of_interest
雲貴軒米線專門店 (龍門居),屯門,HK New Territories 號 86-87 號 舖 Lung Mun Oasis Block 15， 43 Lung Mun Road,3.4,2,N/A,restaurant/food/point_of_interest
唐記粉麵小食,屯門,屯門鄉事會路25A,3.8,1,N/A,restaurant/food/point_of_interest
Café de Coral,屯門,屯門屯順街1號屯門市廣場地下 G036-041 號舖,3.2,1,N/A,restaurant/food/point_of_interest
華香園,屯門,Hong Kong,4,1,N/A,restaurant/food/point_of_interest
Hung Fook Tong (Hanford Plaza),屯門,屯門三聖邨恆福商場地下105號舖,3.9,N/A,N/A,restaurant/food/point_of_interest
Italian Tomato,屯門,V city， Tuen Mun Heung Sze Wui Road， Tuen Mun,3.8,2,N/A,bakery/restaurant/food
PHD,屯門,舖A部份， 屯門青山公路385號舖嘉喜利大廈地下13至14號,3.8,2,N/A,meal_takeaway/restaurant/food
廣東名門,屯門,1號地下， 三聖邨三聖市場， 6 Sam Shing Street， Tuen Mun,3.7,3,N/A,restaurant/food/point_of_interest
Café de Coral,屯門,1樓， Trend Plaza South Wing， 23 - 25號鋪， 2號 Tuen Lung Street， Tuen Mun,3.5,2,N/A,restaurant/food/point_of_interest
Café de Coral,屯門,2A Tuen Mun Heung Sze Wui Road， Tuen Mun,3.4,2,N/A,restaurant/food/point_of_interest
喜臨門盆菜,屯門,C座7樓， Tuen Mun Industrial Centre， 1室， 2號 San Ping Circuit， Tuen Mun,4.7,N/A,N/A,meal_takeaway/restaurant/food
Partners Restaurant,屯門,兆康商場220+220A,3.2,2,N/A,restaurant/food/point_of_interest
Fat Fat Fast Food,屯門,S-208， 2A Tuen Mun Heung Sze Wui Road， Tuen Mun,4.1,1,N/A,restaurant/food/point_of_interest
Weiwei noodles,屯門,2A Tuen Mun Heung Sze Wui Road， Tuen Mun,3,N/A,N/A,restaurant/food/point_of_interest
金龍餐廳餅店,屯門,Tsing Wui Street， Tuen Mun,3.9,N/A,N/A,restaurant/food/point_of_interest
Pizza Hut Hong Kong,屯門,屯門良德街11號寶怡花園5-6號舖， Tuen Mun,3.7,2,N/A,meal_delivery/restaurant/food
Yoshinoya,屯門,157 Tuen Mun Heung Sze Wui Road， Tuen Mun,3.5,1,N/A,restaurant/food/point_of_interest
KFC,屯門,Shop 12-13A， G/F， Blossom Garden， 11 Leung Tak Street， Tuen Mun,3.4,1,N/A,restaurant/food/point_of_interest
McDonald's (Blossom Garden),屯門,地下1-2號舖， 寶怡花園商場， 11 Leung Tak Street， Tuen Mun,3.3,1,N/A,restaurant/food/point_of_interest
Arome,屯門,Shop 1053， 1 Tuen Shing Street， Tuen Mun,3.7,2,N/A,restaurant/food/point_of_interest
Hing Kee Seafood And Roasted Goose Restaurant,屯門,Tuen Mun 屯 門 三 聖 村 六角 亭 地下 9-12 號 舖,3.6,2,N/A,restaurant/food/point_of_interest
Province Hot-pot and Seafood Restaurant,屯門,海麗花園商場， 12 Leung Tak Street， Tuen Mun,3.4,2,N/A,restaurant/food/point_of_interest
Hoi Tin Garden Restaurant,屯門,5號 Sam Shing Street， Tuen Mun,3.7,2,N/A,restaurant/food/point_of_interest
Tak Hing Restaurant,屯門,157 Tuen Mun Heung Sze Wui Road， Tuen Mun,3.4,1,N/A,restaurant/food/point_of_interest
Fairwood,屯門,屯門湖翠路168-236號海趣坊65號舖,3.5,1,N/A,restaurant/food/point_of_interest
Nam Kee Restaurant,屯門,三聖邨熟食亭地下 1-6 號舖， Tuen Mun,3.7,2,N/A,restaurant/food/point_of_interest
馬哥奇冰,屯門,Block 86號���， 美樂花園10座， 湖翠路， 屯門,3.3,N/A,N/A,restaurant/food/point_of_interest
Miu Fat Chai,屯門,地下， On Chuen Building， 8號 Ming Ngai Street， Tuen Mun,3.6,2,N/A,restaurant/food/point_of_interest
雲桂香米線專門店 Yugu Noodle,屯門,26-40號 Yan Ching Street， Tuen Mun,3.4,2,N/A,restaurant/food/point_of_interest
Cafe Lagoon,屯門,Lower Ground Level， Hotel， 1 Castle Peak Road-Castle Peak Bay， Hong Kong Gold Coast,3.9,2,N/A,restaurant/cafe/food
美心美食坊,屯門,2樓， 23號 青松觀道， Tuen Mun,3.1,N/A,N/A,restaurant/food/point_of_interest
McDonald's (Wah Lok Mansion),屯門,新界屯門青山坊2號華樂大廈地下,3.3,1,N/A,restaurant/food/point_of_interest
Dragon Inn Seafood Restaurant Car Park,屯門,Tuen Mun,4,N/A,N/A,parking/restaurant/food
McDonald's (Trend Plaza),屯門,Trend Plaza South Wing， 第三層13及14號舖， 2號 Tuen Hop Street， Tuen Mun,3.5,1,N/A,restaurant/food/point_of_interest
Kar Choi Fish Village Beijing Shanghai Restaurant,屯門,6 Sam Shing Street， Tuen Mun,3.7,2,N/A,restaurant/food/point_of_interest
McDonald's (Gold Coast),屯門,Shop R6 and F9， Castle Peak Road - So Kwun Wat， Tuen Mun,3.6,1,N/A,restaurant/food/point_of_interest
Fairwood (Chi Lok Fa Yuen),屯門,Chi Lok Fa Yuen Lok Hing Court， 地下 69-74 號 舖， 18 Tsing Hoi Circuit， Tuen Mun,3.7,1,N/A,restaurant/food/point_of_interest
Fairwood,屯門,Hong Kong,3.3,1,N/A,restaurant/food/point_of_interest
McDonald's (Heung Sze Wui Road),屯門,新界屯門屯門市地段280號河傍街， 屯門鄉事會道康麗花園十四號地舖,3.6,1,N/A,restaurant/food/point_of_interest
Fairwood,屯門,兆麟苑商場， 3 Siu Hing Lane， Tuen Mun,3.4,1,N/A,restaurant/food/point_of_interest
西貢星越泰風味館,屯門,Hong Kong,2.2,N/A,N/A,restaurant/food/point_of_interest
Castle Peak Hospital Staff Canteen,屯門,G/F， Wisdom House，Castle Peak Hospital， 15 Tsing Chung Koon Road， Tuen Mun,2.2,N/A,N/A,restaurant/food/point_of_interest
McDonald's (Shan King Estate),屯門,山景邨山景商場124號舖， Tuen Mun,3.5,1,N/A,restaurant/food/point_of_interest
發記腸粉粥品,元朗,67 Kin Yip Street， Yuen Long,3.8,1,N/A,restaurant/food/point_of_interest
Shilin Taiwan Shop,元朗,地下， 9號 Sai Ching Street， Yuen Long,3.9,2,N/A,restaurant/food/point_of_interest
Waso Cafe,元朗,蝦尾新村路， 121號 Yung Yuen Road， Wang Chau,3.9,2,N/A,restaurant/food/point_of_interest
Savour Cafe品味,元朗,Wah Kin Building， 地下3-4號， 3號 Tat Fai Path， Yuen Long,4.2,2,N/A,restaurant/food/point_of_interest
Tanaka,元朗,青山公路元朗段12號， 恆發樓地下， Yuen Long,3.8,2,N/A,restaurant/food/point_of_interest
Man Lee Yuen (Poon Choi),元朗,Fook Loi Building， 11 Yuen Long On Ning Road， Yuen Long,3.3,2,N/A,restaurant/food/point_of_interest
Mint Thai House 薄荷葉泰國菜,元朗,地下12， 13號鋪， 2號 On Chun Lane， Yuen Long,3.8,2,N/A,restaurant/food/point_of_interest
Chao Inn,元朗,Yuen Long Plaza， Castle Peak Road - Yuen Long， Yuen Long,3.4,2,N/A,restaurant/food/point_of_interest
German Road Restaurant,元朗,元朗鳳攸北街11-15號益發大廈地下16-17號鋪,4.1,2,N/A,restaurant/food/point_of_interest
Ka Lai Yuen Chiu Chow Restaurant,元朗,5號舗， Lee King Building， 9號 Hong King Street， Yuen Long,3.5,2,N/A,restaurant/food/point_of_interest
Shing Lee Beef Ball,元朗,地下， Cheung Fat Building， 20 Yu King Square， Yuen Long,3.4,2,N/A,restaurant/food/point_of_interest
Kam Kee Roast Meat,元朗,Shop 1， 66 Shui Che Kwun Street， Yuen Long,3.5,N/A,N/A,restaurant/food/point_of_interest
Yuen Long Tai Wing Wah Restaurant,元朗,2樓， 2-6號 元朗安寧路， 元朗,3.6,2,N/A,restaurant/food/point_of_interest
The Queen of Siu Mai,元朗,Stores 11B & 11C， 14 Fau Tsoi Street， Yuen Long,3.6,1,N/A,restaurant/food/point_of_interest
Tai Hing,元朗,A301， 3/F， YOHO Mall II， Yuen Long,3.4,2,N/A,restaurant/food/point_of_interest
Saizeriya (+WOO),元朗,嘉湖2期 2樓218號舖， 12-18號 Tin Yan Road， Tin Shui Wai,3.6,1,N/A,restaurant/food/point_of_interest
Pizza Hut,元朗,地下6號舖， Kam Lung Mansion， 22號 Fung Kam Street， Yuen Long,3.9,2,N/A,meal_takeaway/meal_delivery/restaurant
YOHO Fong Limited,元朗,Unit 2 & 3， 1/F and G/F (Portion) ， Ho Shun Lee Building， 9 Fung Yau Street South， Yuen Long,4.3,N/A,N/A,restaurant/food/point_of_interest
薄餅巨人 Mr. Big Pizza Delivery,元朗,怡豐花園商場 56號舖， 38號 Ma Tin Road， Yuen Long,4,N/A,N/A,meal_takeaway/meal_delivery/restaurant
Ping Shan,元朗,元朗屏山屏廈路塘坊村36號地下， Ping Shan,3.8,2,N/A,meal_takeaway/restaurant/food
Pok Oi Hospital Canteen,元朗,Hong Kong,2.9,N/A,N/A,restaurant/food/point_of_interest
Mighty Vegetarian,元朗,地下7號， 35號 媽橫路， 元朗,4,2,N/A,meal_takeaway/restaurant/food
Anna Restaurant,元朗,號地下， 5 Yan Lok Square， Yuen Long,3.8,2,N/A,restaurant/food/point_of_interest
Pizza Hut (Yuen Long Landmark),元朗,樓201號舖， 元朗大馬路123號開心廣場2， Yuen Long,3.7,2,N/A,meal_delivery/restaurant/food
Lee Hing Restaurant,元朗,地下C舖， Jing Ying Mansion， 56號 Fook Tak Street， Yuen Long,3.5,N/A,N/A,restaurant/food/point_of_interest
Fat Chee Vegetarian Restaurant,元朗,22號 Fook Hong Street， Yuen Long,3.8,2,N/A,restaurant/food/point_of_interest
過橋麵檔,元朗,9 Kin Tak Street， Yuen Long,3.9,2,N/A,restaurant/food/point_of_interest
已結業,元朗,地下G舖， Tai Pei Tau Path， Yuen Long,3.7,2,N/A,restaurant/food/point_of_interest
Wai Kee BBQ,元朗,（大棠路蝶翠峰後面）， 677 大旗嶺路， 元朗,3.8,2,N/A,restaurant/food/point_of_interest
味仟店,元朗,號5B-C鋪， 40 安興街， Yuen Long,3.9,N/A,N/A,restaurant/food/point_of_interest
Sushi Take-Out,元朗,地鐵站， 43號舖， Tin Shui Wai,3.4,1,N/A,restaurant/food/point_of_interest
許祥順食店,元朗,17 Kik Yeung Road， Yuen Long,3.6,1,N/A,restaurant/food/point_of_interest
添記燒臘飯店,元朗,元朗建業街熟食街市C5(近建樂街交界),4,1,N/A,restaurant/food/point_of_interest
喜洋洋點心專門店,元朗,Hong Kong,3.3,1,N/A,restaurant/food/point_of_interest
梁記餃子麵坊,元朗,Fuxiang， underground， Yuen Long On Ning Road， Yuen Long,3.8,1,N/A,restaurant/food/point_of_interest
雲貴軒米線專門店,元朗,6-7 Tai Tong Road， Yuen Long,3.5,1,N/A,restaurant/food/point_of_interest
原味家作 (元朗站店),元朗,23號店 港鐵， 元朗,3.7,N/A,N/A,meal_takeaway/restaurant/food
Fairwood,元朗,long Ping Shopping center， Yuen Long,3.5,1,N/A,restaurant/food/point_of_interest
Yoshinoya,元朗,元 朗 廣場 1 樓 165-166 及 179-180 號 舖 新界 號， 249 - 251 Castle Peak Road - Yuen Long， Yuen Long,3.5,1,N/A,restaurant/food/point_of_interest
Ho To Tai Noodle Shop,元朗,67號 Fau Tsoi Street， Yuen Long,3.7,N/A,N/A,restaurant/food/point_of_interest
Shreengkhala Curry House HK,元朗,144號 Yuen Long On Ning Road， Yuen Long,4.3,2,N/A,restaurant/food/point_of_interest
Sour and Spicy Noodle,元朗,28 Yu King Square， Yuen Long,3.4,2,N/A,restaurant/food/point_of_interest
傳麵世家,元朗,3號鋪， Hing Loong Building， 289號 Hung Min Court， Yuen Long,3.7,1,N/A,restaurant/food/point_of_interest
三上日本料理,元朗,Shop F， G/F， Block B， 2-12 Tai Pei Tau Path， Yuen Long,3.7,2,N/A,restaurant/food/point_of_interest
Taiwan Kitchen,元朗,Nan Tin Mansion， 37 Kau Yuk Road， Yuen Long,3.4,2,N/A,restaurant/food/point_of_interest
大歡喜筵席盆菜,元朗,74號 Kau Yuk Road， Yuen Long,3.3,N/A,N/A,meal_takeaway/restaurant/food
TamJai SamGor (Sai Ching Street),元朗,Full Shing Building， 9 Sai Ching Street， Yuen Long,3.6,1,N/A,restaurant/food/point_of_interest
Pinwei Restaurant,元朗,G鋪， 17號 Kik Yeung Road， Yuen Long,3.7,1,N/A,restaurant/food/point_of_interest
Yuen Long Siu Wok Vermicelli,元朗,7， 10 Sai Yu Street， Yuen Long,4,1,N/A,restaurant/food/point_of_interest
Sichuan Noodles,元朗,地下C舖， Fung Yue Building， 80號 教育路， 元朗,3.9,1,N/A,restaurant/food/point_of_interest
Sawadee Thai Restaurant,元朗,1 Yuen Long Tung Shing Lei Road， Au Tau,3.8,2,N/A,restaurant/food/point_of_interest
KFC,元朗,嘉湖二期1樓125-126號舖， 18號 Tin Yan Road， Tin Shui Wai,3.7,1,N/A,restaurant/food/point_of_interest
Happy House,元朗,2 Yuen Long Tung Tai Street， Yuen Long,3.8,1,N/A,restaurant/food/point_of_interest
McDonald's (Yuen Long Trade Centre),元朗,五號舖及一樓二樓， 貿易中心地下， Castle Peak Road - Yuen Long， Yuen Long,3.7,1,N/A,restaurant/food/point_of_interest
Yoshinoya,元朗,寶發大廈1樓及地下4號舖， 元朗裕景坊1-5及7a-7e號及大棠路22a，22b及26-30號,3.6,1,N/A,restaurant/food/point_of_interest
一番日本料理,元朗,號 地下C舖， 29 Kau Yuk Road， Yuen Long,3.8,2,N/A,restaurant/food/point_of_interest
Shaffi's Indian Restaurant(Halal),元朗,Fook Tak Building， 234 Castle Peak Road - Yuen Long， Yuen Long,4,2,N/A,restaurant/food/point_of_interest
Ichininmae Ramen,元朗,Hong Kong,4.1,2,N/A,restaurant/food/point_of_interest
McDonald’s (Long Ping Estate),元朗,新界元朗朗屏路1號朗屏邨朗屏商場1樓L116號舖,3.5,1,N/A,restaurant/food/point_of_interest
Fairwood,元朗,Hong Kong,3.6,1,N/A,restaurant/food/point_of_interest